split_layer,drop_rate,sigma,accuracy
0,0.0,0.0,0.703
0,0.19,0.0,0.695
0,0.38,0.0,0.694
0,0.57,0.0,0.543
0,0.76,0.0,0.047
0,0.95,0.0,0.012
0,0.0,0.3,0.6906666666666667
0,0.19,0.3,0.6816666666666666
0,0.38,0.3,0.6656666666666667
0,0.57,0.3,0.4726666666666666
0,0.76,0.3,0.035333333333333335
0,0.95,0.3,0.008666666666666668
0,0.0,0.4214,0.6796666666666668
0,0.19,0.4214,0.6656666666666667
0,0.38,0.4214,0.646
0,0.57,0.4214,0.43133333333333335
0,0.76,0.4214,0.028333333333333332
0,0.95,0.4214,0.006333333333333333
0,0.0,0.5429,0.666
0,0.19,0.5429,0.652
0,0.38,0.5429,0.6323333333333333
0,0.57,0.5429,0.399
0,0.76,0.5429,0.018666666666666665
0,0.95,0.5429,0.004333333333333334
0,0.0,0.6643,0.6513333333333334
0,0.19,0.6643,0.636
0,0.38,0.6643,0.6106666666666666
0,0.57,0.6643,0.349
0,0.76,0.6643,0.015666666666666666
0,0.95,0.6643,0.004666666666666667
0,0.0,0.7857,0.6436666666666667
0,0.19,0.7857,0.629
0,0.38,0.7857,0.5976666666666666
0,0.57,0.7857,0.31066666666666665
0,0.76,0.7857,0.011333333333333334
0,0.95,0.7857,0.004666666666666667
0,0.0,0.9071,0.631
0,0.19,0.9071,0.609
0,0.38,0.9071,0.5786666666666666
0,0.57,0.9071,0.275
0,0.76,0.9071,0.008333333333333333
0,0.95,0.9071,0.005
0,0.0,1.0286,0.6156666666666667
0,0.19,1.0286,0.598
0,0.38,1.0286,0.568
0,0.57,1.0286,0.24533333333333332
0,0.76,1.0286,0.006666666666666667
0,0.95,1.0286,0.004333333333333334
0,0.0,1.15,0.601
0,0.19,1.15,0.5806666666666667
0,0.38,1.15,0.5466666666666667
0,0.57,1.15,0.21333333333333335
0,0.76,1.15,0.006666666666666667
0,0.95,1.15,0.004333333333333334
0,0.0,1.2714,0.5796666666666667
0,0.19,1.2714,0.5619999999999999
0,0.38,1.2714,0.527
0,0.57,1.2714,0.18066666666666667
0,0.76,1.2714,0.005
0,0.95,1.2714,0.004666666666666667
0,0.0,1.3929,0.5539999999999999
0,0.19,1.3929,0.5373333333333333
0,0.38,1.3929,0.5113333333333334
0,0.57,1.3929,0.146
0,0.76,1.3929,0.0036666666666666666
0,0.95,1.3929,0.005
0,0.0,1.5143,0.5336666666666666
0,0.19,1.5143,0.5146666666666667
0,0.38,1.5143,0.4956666666666667
0,0.57,1.5143,0.12266666666666666
0,0.76,1.5143,0.0013333333333333333
0,0.95,1.5143,0.005666666666666667
0,0.0,1.6357,0.506
0,0.19,1.6357,0.4789999999999999
0,0.38,1.6357,0.4663333333333333
0,0.57,1.6357,0.102
0,0.76,1.6357,0.001
0,0.95,1.6357,0.005
0,0.0,1.7571,0.48533333333333334
0,0.19,1.7571,0.459
0,0.38,1.7571,0.442
0,0.57,1.7571,0.085
0,0.76,1.7571,0.002
0,0.95,1.7571,0.004666666666666667
0,0.0,1.8786,0.4466666666666667
0,0.19,1.8786,0.43
0,0.38,1.8786,0.42133333333333334
0,0.57,1.8786,0.069
0,0.76,1.8786,0.0006666666666666666
0,0.95,1.8786,0.005
0,0.0,2.0,0.419
0,0.19,2.0,0.41033333333333327
0,0.38,2.0,0.39666666666666667
0,0.57,2.0,0.05366666666666667
0,0.76,2.0,0.0016666666666666668
0,0.95,2.0,0.004666666666666667
1,0.0,0.0,0.703
1,0.19,0.0,0.695
1,0.38,0.0,0.694
1,0.57,0.0,0.543
1,0.76,0.0,0.047
1,0.95,0.0,0.012
1,0.0,0.3,0.693
1,0.19,0.3,0.6843333333333333
1,0.38,0.3,0.672
1,0.57,0.3,0.47433333333333333
1,0.76,0.3,0.036333333333333336
1,0.95,0.3,0.010333333333333333
1,0.0,0.4214,0.6796666666666668
1,0.19,0.4214,0.6703333333333333
1,0.38,0.4214,0.659
1,0.57,0.4214,0.436
1,0.76,0.4214,0.028999999999999998
1,0.95,0.4214,0.009333333333333332
1,0.0,0.5429,0.678
1,0.19,0.5429,0.6573333333333334
1,0.38,0.5429,0.6443333333333334
1,0.57,0.5429,0.4036666666666666
1,0.76,0.5429,0.02
1,0.95,0.5429,0.006000000000000001
1,0.0,0.6643,0.66
1,0.19,0.6643,0.6476666666666667
1,0.38,0.6643,0.617
1,0.57,0.6643,0.36566666666666664
1,0.76,0.6643,0.014
1,0.95,0.6643,0.004
1,0.0,0.7857,0.6456666666666667
1,0.19,0.7857,0.631
1,0.38,0.7857,0.6023333333333333
1,0.57,0.7857,0.33266666666666667
1,0.76,0.7857,0.009333333333333332
1,0.95,0.7857,0.0036666666666666666
1,0.0,0.9071,0.633
1,0.19,0.9071,0.609
1,0.38,0.9071,0.5916666666666667
1,0.57,0.9071,0.3033333333333333
1,0.76,0.9071,0.008666666666666668
1,0.95,0.9071,0.0036666666666666666
1,0.0,1.0286,0.6063333333333333
1,0.19,1.0286,0.5903333333333333
1,0.38,1.0286,0.5623333333333332
1,0.57,1.0286,0.265
1,0.76,1.0286,0.004666666666666667
1,0.95,1.0286,0.0036666666666666666
1,0.0,1.15,0.5830000000000001
1,0.19,1.15,0.56
1,0.38,1.15,0.5383333333333334
1,0.57,1.15,0.2316666666666667
1,0.76,1.15,0.004333333333333334
1,0.95,1.15,0.004
1,0.0,1.2714,0.5623333333333332
1,0.19,1.2714,0.5363333333333333
1,0.38,1.2714,0.5196666666666667
1,0.57,1.2714,0.19600000000000004
1,0.76,1.2714,0.0023333333333333335
1,0.95,1.2714,0.004333333333333334
1,0.0,1.3929,0.531
1,0.19,1.3929,0.502
1,0.38,1.3929,0.4746666666666666
1,0.57,1.3929,0.156
1,0.76,1.3929,0.0033333333333333335
1,0.95,1.3929,0.0030000000000000005
1,0.0,1.5143,0.5063333333333334
1,0.19,1.5143,0.47300000000000003
1,0.38,1.5143,0.44533333333333336
1,0.57,1.5143,0.13
1,0.76,1.5143,0.0030000000000000005
1,0.95,1.5143,0.002
1,0.0,1.6357,0.47500000000000003
1,0.19,1.6357,0.442
1,0.38,1.6357,0.4096666666666667
1,0.57,1.6357,0.107
1,0.76,1.6357,0.0033333333333333335
1,0.95,1.6357,0.0023333333333333335
1,0.0,1.7571,0.4423333333333333
1,0.19,1.7571,0.3983333333333334
1,0.38,1.7571,0.37166666666666665
1,0.57,1.7571,0.08533333333333333
1,0.76,1.7571,0.0030000000000000005
1,0.95,1.7571,0.002
1,0.0,1.8786,0.41100000000000003
1,0.19,1.8786,0.36066666666666664
1,0.38,1.8786,0.3333333333333333
1,0.57,1.8786,0.07166666666666667
1,0.76,1.8786,0.004333333333333334
1,0.95,1.8786,0.0016666666666666668
1,0.0,2.0,0.363
1,0.19,2.0,0.3293333333333333
1,0.38,2.0,0.3093333333333333
1,0.57,2.0,0.05566666666666667
1,0.76,2.0,0.0016666666666666668
1,0.95,2.0,0.0030000000000000005
2,0.0,0.0,0.703
2,0.19,0.0,0.659
2,0.38,0.0,0.532
2,0.57,0.0,0.253
2,0.76,0.0,0.017
2,0.95,0.0,0.003
2,0.0,0.3,0.6749999999999999
2,0.19,0.3,0.6056666666666666
2,0.38,0.3,0.39766666666666667
2,0.57,0.3,0.10033333333333334
2,0.76,0.3,0.007666666666666666
2,0.95,0.3,0.002
2,0.0,0.4214,0.662
2,0.19,0.4214,0.5630000000000001
2,0.38,0.4214,0.35600000000000004
2,0.57,0.4214,0.06833333333333334
2,0.76,0.4214,0.008
2,0.95,0.4214,0.0013333333333333333
2,0.0,0.5429,0.6476666666666667
2,0.19,0.5429,0.5353333333333333
2,0.38,0.5429,0.3116666666666667
2,0.57,0.5429,0.051666666666666666
2,0.76,0.5429,0.005
2,0.95,0.5429,0.0016666666666666668
2,0.0,0.6643,0.6303333333333333
2,0.19,0.6643,0.5026666666666667
2,0.38,0.6643,0.26233333333333336
2,0.57,0.6643,0.037333333333333336
2,0.76,0.6643,0.0026666666666666666
2,0.95,0.6643,0.001
2,0.0,0.7857,0.612
2,0.19,0.7857,0.466
2,0.38,0.7857,0.214
2,0.57,0.7857,0.028999999999999998
2,0.76,0.7857,0.0026666666666666666
2,0.95,0.7857,0.0013333333333333333
2,0.0,0.9071,0.5843333333333333
2,0.19,0.9071,0.424
2,0.38,0.9071,0.17666666666666667
2,0.57,0.9071,0.018333333333333333
2,0.76,0.9071,0.002
2,0.95,0.9071,0.002
2,0.0,1.0286,0.5546666666666668
2,0.19,1.0286,0.38066666666666665
2,0.38,1.0286,0.145
2,0.57,1.0286,0.011000000000000001
2,0.76,1.0286,0.0023333333333333335
2,0.95,1.0286,0.002
2,0.0,1.15,0.501
2,0.19,1.15,0.34099999999999997
2,0.38,1.15,0.118
2,0.57,1.15,0.007333333333333334
2,0.76,1.15,0.0023333333333333335
2,0.95,1.15,0.002
2,0.0,1.2714,0.459
2,0.19,1.2714,0.2996666666666667
2,0.38,1.2714,0.09866666666666668
2,0.57,1.2714,0.006666666666666667
2,0.76,1.2714,0.0016666666666666668
2,0.95,1.2714,0.002
2,0.0,1.3929,0.39766666666666667
2,0.19,1.3929,0.265
2,0.38,1.3929,0.079
2,0.57,1.3929,0.004
2,0.76,1.3929,0.002
2,0.95,1.3929,0.002
2,0.0,1.5143,0.33066666666666666
2,0.19,1.5143,0.22266666666666668
2,0.38,1.5143,0.06
2,0.57,1.5143,0.005333333333333333
2,0.76,1.5143,0.0016666666666666668
2,0.95,1.5143,0.002
2,0.0,1.6357,0.26
2,0.19,1.6357,0.16966666666666666
2,0.38,1.6357,0.04666666666666667
2,0.57,1.6357,0.0033333333333333335
2,0.76,1.6357,0.002
2,0.95,1.6357,0.0016666666666666668
2,0.0,1.7571,0.19866666666666669
2,0.19,1.7571,0.13533333333333333
2,0.38,1.7571,0.03933333333333334
2,0.57,1.7571,0.0030000000000000005
2,0.76,1.7571,0.0016666666666666668
2,0.95,1.7571,0.0016666666666666668
2,0.0,1.8786,0.1423333333333333
2,0.19,1.8786,0.10166666666666667
2,0.38,1.8786,0.03166666666666667
2,0.57,1.8786,0.0033333333333333335
2,0.76,1.8786,0.0013333333333333333
2,0.95,1.8786,0.0013333333333333333
2,0.0,2.0,0.10266666666666668
2,0.19,2.0,0.07666666666666666
2,0.38,2.0,0.022333333333333334
2,0.57,2.0,0.002
2,0.76,2.0,0.001
2,0.95,2.0,0.0013333333333333333
3,0.0,0.0,0.703
3,0.19,0.0,0.659
3,0.38,0.0,0.532
3,0.57,0.0,0.253
3,0.76,0.0,0.017
3,0.95,0.0,0.003
3,0.0,0.3,0.7003333333333334
3,0.19,0.3,0.634
3,0.38,0.3,0.4586666666666667
3,0.57,0.3,0.15966666666666665
3,0.76,0.3,0.007
3,0.95,0.3,0.002
3,0.0,0.4214,0.6956666666666665
3,0.19,0.4214,0.614
3,0.38,0.4214,0.41333333333333333
3,0.57,0.4214,0.12133333333333333
3,0.76,0.4214,0.004666666666666667
3,0.95,0.4214,0.002
3,0.0,0.5429,0.6846666666666668
3,0.19,0.5429,0.5833333333333334
3,0.38,0.5429,0.36866666666666664
3,0.57,0.5429,0.09000000000000001
3,0.76,0.5429,0.0030000000000000005
3,0.95,0.5429,0.002
3,0.0,0.6643,0.662
3,0.19,0.6643,0.5593333333333333
3,0.38,0.6643,0.32433333333333336
3,0.57,0.6643,0.07233333333333332
3,0.76,0.6643,0.0033333333333333335
3,0.95,0.6643,0.002
3,0.0,0.7857,0.6336666666666667
3,0.19,0.7857,0.533
3,0.38,0.7857,0.2826666666666667
3,0.57,0.7857,0.054
3,0.76,0.7857,0.002
3,0.95,0.7857,0.0026666666666666666
3,0.0,0.9071,0.5946666666666666
3,0.19,0.9071,0.48933333333333334
3,0.38,0.9071,0.24866666666666667
3,0.57,0.9071,0.04066666666666666
3,0.76,0.9071,0.002
3,0.95,0.9071,0.002
3,0.0,1.0286,0.5486666666666667
3,0.19,1.0286,0.44966666666666666
3,0.38,1.0286,0.20766666666666667
3,0.57,1.0286,0.03133333333333333
3,0.76,1.0286,0.001
3,0.95,1.0286,0.002
3,0.0,1.15,0.4706666666666666
3,0.19,1.15,0.3906666666666667
3,0.38,1.15,0.18233333333333332
3,0.57,1.15,0.023999999999999997
3,0.76,1.15,0.001
3,0.95,1.15,0.002
3,0.0,1.2714,0.4093333333333333
3,0.19,1.2714,0.32833333333333337
3,0.38,1.2714,0.15466666666666665
3,0.57,1.2714,0.017
3,0.76,1.2714,0.001
3,0.95,1.2714,0.002
3,0.0,1.3929,0.3356666666666667
3,0.19,1.3929,0.27233333333333337
3,0.38,1.3929,0.12533333333333332
3,0.57,1.3929,0.015333333333333332
3,0.76,1.3929,0.001
3,0.95,1.3929,0.002
3,0.0,1.5143,0.254
3,0.19,1.5143,0.217
3,0.38,1.5143,0.09433333333333334
3,0.57,1.5143,0.010666666666666666
3,0.76,1.5143,0.001
3,0.95,1.5143,0.002
3,0.0,1.6357,0.18833333333333332
3,0.19,1.6357,0.15
3,0.38,1.6357,0.081
3,0.57,1.6357,0.008
3,0.76,1.6357,0.0013333333333333333
3,0.95,1.6357,0.0016666666666666668
3,0.0,1.7571,0.13433333333333333
3,0.19,1.7571,0.10533333333333333
3,0.38,1.7571,0.06233333333333333
3,0.57,1.7571,0.005
3,0.76,1.7571,0.002
3,0.95,1.7571,0.001
3,0.0,1.8786,0.09900000000000002
3,0.19,1.8786,0.068
3,0.38,1.8786,0.050666666666666665
3,0.57,1.8786,0.004666666666666667
3,0.76,1.8786,0.0030000000000000005
3,0.95,1.8786,0.0013333333333333333
3,0.0,2.0,0.06333333333333334
3,0.19,2.0,0.04733333333333334
3,0.38,2.0,0.041
3,0.57,2.0,0.0036666666666666666
3,0.76,2.0,0.0026666666666666666
3,0.95,2.0,0.0013333333333333333
4,0.0,0.0,0.703
4,0.19,0.0,0.659
4,0.38,0.0,0.532
4,0.57,0.0,0.254
4,0.76,0.0,0.017
4,0.95,0.0,0.003
4,0.0,0.3,0.7006666666666667
4,0.19,0.3,0.638
4,0.38,0.3,0.48900000000000005
4,0.57,0.3,0.18366666666666664
4,0.76,0.3,0.010333333333333333
4,0.95,0.3,0.002
4,0.0,0.4214,0.6933333333333334
4,0.19,0.4214,0.6216666666666667
4,0.38,0.4214,0.4673333333333334
4,0.57,0.4214,0.16633333333333333
4,0.76,0.4214,0.009000000000000001
4,0.95,0.4214,0.002
4,0.0,0.5429,0.6856666666666668
4,0.19,0.5429,0.6203333333333333
4,0.38,0.5429,0.4403333333333333
4,0.57,0.5429,0.155
4,0.76,0.5429,0.007333333333333333
4,0.95,0.5429,0.0030000000000000005
4,0.0,0.6643,0.6773333333333333
4,0.19,0.6643,0.5983333333333333
4,0.38,0.6643,0.4106666666666667
4,0.57,0.6643,0.12066666666666666
4,0.76,0.6643,0.005
4,0.95,0.6643,0.0030000000000000005
4,0.0,0.7857,0.6443333333333333
4,0.19,0.7857,0.5693333333333332
4,0.38,0.7857,0.37799999999999995
4,0.57,0.7857,0.09233333333333334
4,0.76,0.7857,0.006333333333333334
4,0.95,0.7857,0.0026666666666666666
4,0.0,0.9071,0.6103333333333333
4,0.19,0.9071,0.528
4,0.38,0.9071,0.3353333333333333
4,0.57,0.9071,0.06133333333333333
4,0.76,0.9071,0.006333333333333334
4,0.95,0.9071,0.0030000000000000005
4,0.0,1.0286,0.566
4,0.19,1.0286,0.48500000000000004
4,0.38,1.0286,0.2876666666666667
4,0.57,1.0286,0.035
4,0.76,1.0286,0.006333333333333333
4,0.95,1.0286,0.0023333333333333335
4,0.0,1.15,0.5166666666666667
4,0.19,1.15,0.44366666666666665
4,0.38,1.15,0.24233333333333332
4,0.57,1.15,0.026
4,0.76,1.15,0.004666666666666666
4,0.95,1.15,0.002
4,0.0,1.2714,0.45566666666666666
4,0.19,1.2714,0.38133333333333336
4,0.38,1.2714,0.19666666666666668
4,0.57,1.2714,0.016
4,0.76,1.2714,0.004
4,0.95,1.2714,0.002
4,0.0,1.3929,0.39666666666666667
4,0.19,1.3929,0.3253333333333333
4,0.38,1.3929,0.149
4,0.57,1.3929,0.011333333333333332
4,0.76,1.3929,0.0016666666666666668
4,0.95,1.3929,0.002
4,0.0,1.5143,0.3353333333333333
4,0.19,1.5143,0.277
4,0.38,1.5143,0.119
4,0.57,1.5143,0.007
4,0.76,1.5143,0.0030000000000000005
4,0.95,1.5143,0.002
4,0.0,1.6357,0.27166666666666667
4,0.19,1.6357,0.226
4,0.38,1.6357,0.08700000000000001
4,0.57,1.6357,0.004333333333333334
4,0.76,1.6357,0.0023333333333333335
4,0.95,1.6357,0.002
4,0.0,1.7571,0.21466666666666667
4,0.19,1.7571,0.18833333333333332
4,0.38,1.7571,0.07300000000000001
4,0.57,1.7571,0.0023333333333333335
4,0.76,1.7571,0.002
4,0.95,1.7571,0.0016666666666666668
4,0.0,1.8786,0.16833333333333333
4,0.19,1.8786,0.14633333333333332
4,0.38,1.8786,0.05366666666666667
4,0.57,1.8786,0.002
4,0.76,1.8786,0.0013333333333333333
4,0.95,1.8786,0.0013333333333333333
4,0.0,2.0,0.125
4,0.19,2.0,0.11933333333333333
4,0.38,2.0,0.03933333333333333
4,0.57,2.0,0.001
4,0.76,2.0,0.0006666666666666666
4,0.95,2.0,0.001
5,0.0,0.0,0.703
5,0.19,0.0,0.691
5,0.38,0.0,0.676
5,0.57,0.0,0.408
5,0.76,0.0,0.225
5,0.95,0.0,0.007
5,0.0,0.3,0.6226666666666666
5,0.19,0.3,0.5396666666666667
5,0.38,0.3,0.4000000000000001
5,0.57,0.3,0.107
5,0.76,0.3,0.037666666666666675
5,0.95,0.3,0.0030000000000000005
5,0.0,0.4214,0.6076666666666667
5,0.19,0.4214,0.528
5,0.38,0.4214,0.393
5,0.57,0.4214,0.09233333333333334
5,0.76,0.4214,0.035
5,0.95,0.4214,0.0023333333333333335
5,0.0,0.5429,0.6033333333333334
5,0.19,0.5429,0.515
5,0.38,0.5429,0.36433333333333334
5,0.57,0.5429,0.07666666666666666
5,0.76,0.5429,0.031
5,0.95,0.5429,0.002
5,0.0,0.6643,0.5956666666666667
5,0.19,0.6643,0.492
5,0.38,0.6643,0.3499999999999999
5,0.57,0.6643,0.06566666666666666
5,0.76,0.6643,0.025000000000000005
5,0.95,0.6643,0.0013333333333333333
5,0.0,0.7857,0.5886666666666667
5,0.19,0.7857,0.47433333333333333
5,0.38,0.7857,0.3316666666666667
5,0.57,0.7857,0.05266666666666667
5,0.76,0.7857,0.021666666666666667
5,0.95,0.7857,0.002
5,0.0,0.9071,0.5706666666666667
5,0.19,0.9071,0.45766666666666667
5,0.38,0.9071,0.306
5,0.57,0.9071,0.03866666666666666
5,0.76,0.9071,0.017666666666666667
5,0.95,0.9071,0.0016666666666666668
5,0.0,1.0286,0.5533333333333333
5,0.19,1.0286,0.434
5,0.38,1.0286,0.2956666666666667
5,0.57,1.0286,0.03333333333333333
5,0.76,1.0286,0.016666666666666666
5,0.95,1.0286,0.0030000000000000005
5,0.0,1.15,0.5296666666666666
5,0.19,1.15,0.408
5,0.38,1.15,0.264
5,0.57,1.15,0.026
5,0.76,1.15,0.015333333333333332
5,0.95,1.15,0.004333333333333334
5,0.0,1.2714,0.519
5,0.19,1.2714,0.38199999999999995
5,0.38,1.2714,0.245
5,0.57,1.2714,0.023000000000000003
5,0.76,1.2714,0.013666666666666667
5,0.95,1.2714,0.005333333333333333
5,0.0,1.3929,0.5016666666666667
5,0.19,1.3929,0.363
5,0.38,1.3929,0.21666666666666667
5,0.57,1.3929,0.019666666666666666
5,0.76,1.3929,0.013
5,0.95,1.3929,0.004666666666666667
5,0.0,1.5143,0.4843333333333333
5,0.19,1.5143,0.3383333333333334
5,0.38,1.5143,0.19033333333333333
5,0.57,1.5143,0.019000000000000003
5,0.76,1.5143,0.01
5,0.95,1.5143,0.004666666666666667
5,0.0,1.6357,0.462
5,0.19,1.6357,0.3153333333333333
5,0.38,1.6357,0.1723333333333333
5,0.57,1.6357,0.018333333333333337
5,0.76,1.6357,0.007333333333333333
5,0.95,1.6357,0.0033333333333333335
5,0.0,1.7571,0.4366666666666667
5,0.19,1.7571,0.2896666666666667
5,0.38,1.7571,0.14633333333333334
5,0.57,1.7571,0.015333333333333332
5,0.76,1.7571,0.006333333333333333
5,0.95,1.7571,0.0023333333333333335
5,0.0,1.8786,0.4183333333333333
5,0.19,1.8786,0.26766666666666666
5,0.38,1.8786,0.12433333333333334
5,0.57,1.8786,0.015333333333333332
5,0.76,1.8786,0.005333333333333333
5,0.95,1.8786,0.0030000000000000005
5,0.0,2.0,0.38599999999999995
5,0.19,2.0,0.235
5,0.38,2.0,0.10766666666666667
5,0.57,2.0,0.013
5,0.76,2.0,0.0030000000000000005
5,0.95,2.0,0.002
6,0.0,0.0,0.703
6,0.19,0.0,0.691
6,0.38,0.0,0.676
6,0.57,0.0,0.408
6,0.76,0.0,0.225
6,0.95,0.0,0.007
6,0.0,0.3,0.6983333333333333
6,0.19,0.3,0.6803333333333335
6,0.38,0.3,0.656
6,0.57,0.3,0.308
6,0.76,0.3,0.13533333333333333
6,0.95,0.3,0.005333333333333333
6,0.0,0.4214,0.698
6,0.19,0.4214,0.6833333333333335
6,0.38,0.4214,0.6503333333333333
6,0.57,0.4214,0.2973333333333333
6,0.76,0.4214,0.12733333333333333
6,0.95,0.4214,0.004333333333333334
6,0.0,0.5429,0.7003333333333334
6,0.19,0.5429,0.6826666666666666
6,0.38,0.5429,0.6356666666666667
6,0.57,0.5429,0.2743333333333334
6,0.76,0.5429,0.109
6,0.95,0.5429,0.004333333333333334
6,0.0,0.6643,0.6976666666666667
6,0.19,0.6643,0.6789999999999999
6,0.38,0.6643,0.616
6,0.57,0.6643,0.23399999999999999
6,0.76,0.6643,0.08833333333333333
6,0.95,0.6643,0.0030000000000000005
6,0.0,0.7857,0.6880000000000001
6,0.19,0.7857,0.6629999999999999
6,0.38,0.7857,0.5910000000000001
6,0.57,0.7857,0.20333333333333334
6,0.76,0.7857,0.068
6,0.95,0.7857,0.0026666666666666666
6,0.0,0.9071,0.6786666666666669
6,0.19,0.9071,0.6473333333333333
6,0.38,0.9071,0.5603333333333333
6,0.57,0.9071,0.16533333333333333
6,0.76,0.9071,0.055999999999999994
6,0.95,0.9071,0.002
6,0.0,1.0286,0.6646666666666667
6,0.19,1.0286,0.6269999999999999
6,0.38,1.0286,0.5233333333333333
6,0.57,1.0286,0.136
6,0.76,1.0286,0.039
6,0.95,1.0286,0.0030000000000000005
6,0.0,1.15,0.6463333333333333
6,0.19,1.15,0.5803333333333333
6,0.38,1.15,0.4756666666666667
6,0.57,1.15,0.104
6,0.76,1.15,0.02366666666666667
6,0.95,1.15,0.002
6,0.0,1.2714,0.607
6,0.19,1.2714,0.5423333333333334
6,0.38,1.2714,0.415
6,0.57,1.2714,0.07633333333333332
6,0.76,1.2714,0.015666666666666666
6,0.95,1.2714,0.002
6,0.0,1.3929,0.582
6,0.19,1.3929,0.5026666666666667
6,0.38,1.3929,0.34400000000000003
6,0.57,1.3929,0.05266666666666667
6,0.76,1.3929,0.01
6,0.95,1.3929,0.002
6,0.0,1.5143,0.5366666666666667
6,0.19,1.5143,0.4486666666666667
6,0.38,1.5143,0.2876666666666667
6,0.57,1.5143,0.034
6,0.76,1.5143,0.006666666666666665
6,0.95,1.5143,0.0026666666666666666
6,0.0,1.6357,0.48933333333333334
6,0.19,1.6357,0.38999999999999996
6,0.38,1.6357,0.2383333333333333
6,0.57,1.6357,0.023000000000000003
6,0.76,1.6357,0.004333333333333334
6,0.95,1.6357,0.0023333333333333335
6,0.0,1.7571,0.4423333333333333
6,0.19,1.7571,0.327
6,0.38,1.7571,0.19000000000000003
6,0.57,1.7571,0.016666666666666666
6,0.76,1.7571,0.004
6,0.95,1.7571,0.001
6,0.0,1.8786,0.38433333333333336
6,0.19,1.8786,0.27
6,0.38,1.8786,0.15166666666666664
6,0.57,1.8786,0.015
6,0.76,1.8786,0.0026666666666666666
6,0.95,1.8786,0.0013333333333333333
6,0.0,2.0,0.3293333333333333
6,0.19,2.0,0.217
6,0.38,2.0,0.12166666666666666
6,0.57,2.0,0.010333333333333333
6,0.76,2.0,0.002
6,0.95,2.0,0.0013333333333333333
7,0.0,0.0,0.703
7,0.19,0.0,0.602
7,0.38,0.0,0.455
7,0.57,0.0,0.193
7,0.76,0.0,0.008
7,0.95,0.0,0.006
7,0.0,0.3,0.5903333333333333
7,0.19,0.3,0.28833333333333333
7,0.38,0.3,0.11066666666666668
7,0.57,0.3,0.018666666666666668
7,0.76,0.3,0.001
7,0.95,0.3,0.001
7,0.0,0.4214,0.5533333333333333
7,0.19,0.4214,0.25466666666666665
7,0.38,0.4214,0.07933333333333333
7,0.57,0.4214,0.015333333333333332
7,0.76,0.4214,0.0
7,0.95,0.4214,0.0013333333333333333
7,0.0,0.5429,0.5096666666666666
7,0.19,0.5429,0.18966666666666665
7,0.38,0.5429,0.042666666666666665
7,0.57,0.5429,0.008666666666666668
7,0.76,0.5429,0.0
7,0.95,0.5429,0.0016666666666666668
7,0.0,0.6643,0.463
7,0.19,0.6643,0.1426666666666667
7,0.38,0.6643,0.028333333333333335
7,0.57,0.6643,0.006333333333333333
7,0.76,0.6643,0.0
7,0.95,0.6643,0.0016666666666666668
7,0.0,0.7857,0.40833333333333327
7,0.19,0.7857,0.09333333333333334
7,0.38,0.7857,0.017
7,0.57,0.7857,0.006000000000000001
7,0.76,0.7857,0.0
7,0.95,0.7857,0.0013333333333333333
7,0.0,0.9071,0.3413333333333333
7,0.19,0.9071,0.05933333333333333
7,0.38,0.9071,0.013666666666666666
7,0.57,0.9071,0.0033333333333333335
7,0.76,0.9071,0.0006666666666666666
7,0.95,0.9071,0.0016666666666666668
7,0.0,1.0286,0.27299999999999996
7,0.19,1.0286,0.03733333333333333
7,0.38,1.0286,0.008
7,0.57,1.0286,0.0036666666666666666
7,0.76,1.0286,0.0006666666666666666
7,0.95,1.0286,0.0023333333333333335
7,0.0,1.15,0.20633333333333334
7,0.19,1.15,0.02033333333333333
7,0.38,1.15,0.008
7,0.57,1.15,0.0036666666666666666
7,0.76,1.15,0.001
7,0.95,1.15,0.0026666666666666666
7,0.0,1.2714,0.15466666666666665
7,0.19,1.2714,0.016333333333333335
7,0.38,1.2714,0.006666666666666667
7,0.57,1.2714,0.0033333333333333335
7,0.76,1.2714,0.0016666666666666668
7,0.95,1.2714,0.0030000000000000005
7,0.0,1.3929,0.111
7,0.19,1.3929,0.012333333333333333
7,0.38,1.3929,0.005
7,0.57,1.3929,0.0030000000000000005
7,0.76,1.3929,0.002
7,0.95,1.3929,0.0036666666666666666
7,0.0,1.5143,0.07100000000000001
7,0.19,1.5143,0.008333333333333333
7,0.38,1.5143,0.004333333333333334
7,0.57,1.5143,0.0030000000000000005
7,0.76,1.5143,0.002
7,0.95,1.5143,0.004
7,0.0,1.6357,0.04833333333333333
7,0.19,1.6357,0.006666666666666667
7,0.38,1.6357,0.004
7,0.57,1.6357,0.0030000000000000005
7,0.76,1.6357,0.002
7,0.95,1.6357,0.0026666666666666666
7,0.0,1.7571,0.03566666666666667
7,0.19,1.7571,0.005666666666666667
7,0.38,1.7571,0.0036666666666666666
7,0.57,1.7571,0.0030000000000000005
7,0.76,1.7571,0.002
7,0.95,1.7571,0.0033333333333333335
7,0.0,1.8786,0.024000000000000004
7,0.19,1.8786,0.004333333333333334
7,0.38,1.8786,0.0036666666666666666
7,0.57,1.8786,0.0026666666666666666
7,0.76,1.8786,0.002
7,0.95,1.8786,0.0030000000000000005
7,0.0,2.0,0.013
7,0.19,2.0,0.0036666666666666666
7,0.38,2.0,0.0030000000000000005
7,0.57,2.0,0.0030000000000000005
7,0.76,2.0,0.002
7,0.95,2.0,0.0030000000000000005
8,0.0,0.0,0.703
8,0.19,0.0,0.602
8,0.38,0.0,0.455
8,0.57,0.0,0.193
8,0.76,0.0,0.008
8,0.95,0.0,0.006
8,0.0,0.3,0.6883333333333334
8,0.19,0.3,0.38966666666666666
8,0.38,0.3,0.21233333333333335
8,0.57,0.3,0.041
8,0.76,0.3,0.0030000000000000005
8,0.95,0.3,0.005666666666666667
8,0.0,0.4214,0.6686666666666667
8,0.19,0.4214,0.3013333333333333
8,0.38,0.4214,0.16333333333333333
8,0.57,0.4214,0.021666666666666667
8,0.76,0.4214,0.0030000000000000005
8,0.95,0.4214,0.004666666666666667
8,0.0,0.5429,0.624
8,0.19,0.5429,0.23266666666666666
8,0.38,0.5429,0.10833333333333334
8,0.57,0.5429,0.01333333333333333
8,0.76,0.5429,0.0026666666666666666
8,0.95,0.5429,0.004333333333333334
8,0.0,0.6643,0.576
8,0.19,0.6643,0.16566666666666666
8,0.38,0.6643,0.06766666666666667
8,0.57,0.6643,0.011666666666666667
8,0.76,0.6643,0.0026666666666666666
8,0.95,0.6643,0.005
8,0.0,0.7857,0.5116666666666666
8,0.19,0.7857,0.12366666666666666
8,0.38,0.7857,0.052
8,0.57,0.7857,0.008
8,0.76,0.7857,0.002
8,0.95,0.7857,0.005
8,0.0,0.9071,0.431
8,0.19,0.9071,0.08433333333333333
8,0.38,0.9071,0.03466666666666667
8,0.57,0.9071,0.006666666666666667
8,0.76,0.9071,0.0016666666666666668
8,0.95,0.9071,0.0033333333333333335
8,0.0,1.0286,0.349
8,0.19,1.0286,0.054
8,0.38,1.0286,0.023000000000000003
8,0.57,1.0286,0.005
8,0.76,1.0286,0.002
8,0.95,1.0286,0.0033333333333333335
8,0.0,1.15,0.2786666666666667
8,0.19,1.15,0.04033333333333333
8,0.38,1.15,0.016333333333333335
8,0.57,1.15,0.004
8,0.76,1.15,0.002
8,0.95,1.15,0.0030000000000000005
8,0.0,1.2714,0.217
8,0.19,1.2714,0.025000000000000005
8,0.38,1.2714,0.011333333333333334
8,0.57,1.2714,0.004
8,0.76,1.2714,0.002
8,0.95,1.2714,0.0030000000000000005
8,0.0,1.3929,0.16466666666666666
8,0.19,1.3929,0.017333333333333336
8,0.38,1.3929,0.010333333333333332
8,0.57,1.3929,0.004
8,0.76,1.3929,0.002
8,0.95,1.3929,0.0030000000000000005
8,0.0,1.5143,0.125
8,0.19,1.5143,0.012333333333333335
8,0.38,1.5143,0.008
8,0.57,1.5143,0.004
8,0.76,1.5143,0.002
8,0.95,1.5143,0.0030000000000000005
8,0.0,1.6357,0.09066666666666667
8,0.19,1.6357,0.01
8,0.38,1.6357,0.006999999999999999
8,0.57,1.6357,0.004
8,0.76,1.6357,0.002
8,0.95,1.6357,0.0030000000000000005
8,0.0,1.7571,0.068
8,0.19,1.7571,0.008
8,0.38,1.7571,0.005666666666666667
8,0.57,1.7571,0.004
8,0.76,1.7571,0.002
8,0.95,1.7571,0.0030000000000000005
8,0.0,1.8786,0.04800000000000001
8,0.19,1.8786,0.007333333333333333
8,0.38,1.8786,0.004666666666666667
8,0.57,1.8786,0.0030000000000000005
8,0.76,1.8786,0.002
8,0.95,1.8786,0.0030000000000000005
8,0.0,2.0,0.03233333333333333
8,0.19,2.0,0.005333333333333333
8,0.38,2.0,0.0030000000000000005
8,0.57,2.0,0.0033333333333333335
8,0.76,2.0,0.002
8,0.95,2.0,0.0030000000000000005
9,0.0,0.0,0.703
9,0.19,0.0,0.602
9,0.38,0.0,0.456
9,0.57,0.0,0.193
9,0.76,0.0,0.007
9,0.95,0.0,0.006
9,0.0,0.3,0.6756666666666667
9,0.19,0.3,0.4443333333333333
9,0.38,0.3,0.25533333333333336
9,0.57,0.3,0.061
9,0.76,0.3,0.004333333333333334
9,0.95,0.3,0.0016666666666666668
9,0.0,0.4214,0.6693333333333333
9,0.19,0.4214,0.43133333333333335
9,0.38,0.4214,0.25033333333333335
9,0.57,0.4214,0.05633333333333334
9,0.76,0.4214,0.004
9,0.95,0.4214,0.002
9,0.0,0.5429,0.6709999999999999
9,0.19,0.5429,0.42366666666666664
9,0.38,0.5429,0.22999999999999998
9,0.57,0.5429,0.052333333333333336
9,0.76,0.5429,0.005
9,0.95,0.5429,0.0016666666666666668
9,0.0,0.6643,0.659
9,0.19,0.6643,0.40266666666666673
9,0.38,0.6643,0.21533333333333335
9,0.57,0.6643,0.04633333333333334
9,0.76,0.6643,0.0036666666666666666
9,0.95,0.6643,0.0026666666666666666
9,0.0,0.7857,0.6470000000000001
9,0.19,0.7857,0.38066666666666665
9,0.38,0.7857,0.19433333333333333
9,0.57,0.7857,0.04033333333333333
9,0.76,0.7857,0.0036666666666666666
9,0.95,0.7857,0.0023333333333333335
9,0.0,0.9071,0.6373333333333333
9,0.19,0.9071,0.35633333333333334
9,0.38,0.9071,0.17899999999999996
9,0.57,0.9071,0.03366666666666667
9,0.76,0.9071,0.004333333333333334
9,0.95,0.9071,0.002
9,0.0,1.0286,0.626
9,0.19,1.0286,0.324
9,0.38,1.0286,0.156
9,0.57,1.0286,0.030333333333333334
9,0.76,1.0286,0.004333333333333334
9,0.95,1.0286,0.002
9,0.0,1.15,0.605
9,0.19,1.15,0.29866666666666664
9,0.38,1.15,0.13166666666666668
9,0.57,1.15,0.021666666666666667
9,0.76,1.15,0.004
9,0.95,1.15,0.0016666666666666668
9,0.0,1.2714,0.5843333333333334
9,0.19,1.2714,0.266
9,0.38,1.2714,0.111
9,0.57,1.2714,0.02
9,0.76,1.2714,0.004
9,0.95,1.2714,0.001
9,0.0,1.3929,0.5586666666666668
9,0.19,1.3929,0.23399999999999999
9,0.38,1.3929,0.09566666666666668
9,0.57,1.3929,0.016
9,0.76,1.3929,0.0036666666666666666
9,0.95,1.3929,0.0013333333333333333
9,0.0,1.5143,0.5353333333333333
9,0.19,1.5143,0.20366666666666666
9,0.38,1.5143,0.07
9,0.57,1.5143,0.011666666666666667
9,0.76,1.5143,0.0033333333333333335
9,0.95,1.5143,0.001
9,0.0,1.6357,0.49033333333333334
9,0.19,1.6357,0.16366666666666665
9,0.38,1.6357,0.06066666666666667
9,0.57,1.6357,0.010333333333333333
9,0.76,1.6357,0.0030000000000000005
9,0.95,1.6357,0.0013333333333333333
9,0.0,1.7571,0.446
9,0.19,1.7571,0.13933333333333334
9,0.38,1.7571,0.043000000000000003
9,0.57,1.7571,0.009333333333333332
9,0.76,1.7571,0.0026666666666666666
9,0.95,1.7571,0.002
9,0.0,1.8786,0.4063333333333334
9,0.19,1.8786,0.12
9,0.38,1.8786,0.033
9,0.57,1.8786,0.006666666666666667
9,0.76,1.8786,0.0023333333333333335
9,0.95,1.8786,0.0016666666666666668
9,0.0,2.0,0.359
9,0.19,2.0,0.09333333333333334
9,0.38,2.0,0.027
9,0.57,2.0,0.007666666666666666
9,0.76,2.0,0.0023333333333333335
9,0.95,2.0,0.0013333333333333333
10,0.0,0.0,0.703
10,0.19,0.0,0.677
10,0.38,0.0,0.621
10,0.57,0.0,0.471
10,0.76,0.0,0.11
10,0.95,0.0,0.006
10,0.0,0.3,0.4586666666666667
10,0.19,0.3,0.3273333333333333
10,0.38,0.3,0.15533333333333332
10,0.57,0.3,0.042
10,0.76,0.3,0.005
10,0.95,0.3,0.0
10,0.0,0.4214,0.4523333333333333
10,0.19,0.4214,0.3196666666666667
10,0.38,0.4214,0.14100000000000001
10,0.57,0.4214,0.039
10,0.76,0.4214,0.004333333333333334
10,0.95,0.4214,0.0
10,0.0,0.5429,0.4406666666666667
10,0.19,0.5429,0.31
10,0.38,0.5429,0.13266666666666668
10,0.57,0.5429,0.036000000000000004
10,0.76,0.5429,0.0036666666666666666
10,0.95,0.5429,0.0
10,0.0,0.6643,0.42533333333333334
10,0.19,0.6643,0.29466666666666663
10,0.38,0.6643,0.119
10,0.57,0.6643,0.03133333333333333
10,0.76,0.6643,0.0036666666666666666
10,0.95,0.6643,0.0006666666666666666
10,0.0,0.7857,0.4093333333333333
10,0.19,0.7857,0.26933333333333337
10,0.38,0.7857,0.10166666666666668
10,0.57,0.7857,0.025333333333333336
10,0.76,0.7857,0.0030000000000000005
10,0.95,0.7857,0.0006666666666666666
10,0.0,0.9071,0.40066666666666667
10,0.19,0.9071,0.24766666666666667
10,0.38,0.9071,0.08666666666666667
10,0.57,0.9071,0.023000000000000003
10,0.76,0.9071,0.0033333333333333335
10,0.95,0.9071,0.0
10,0.0,1.0286,0.37366666666666665
10,0.19,1.0286,0.22633333333333336
10,0.38,1.0286,0.08133333333333333
10,0.57,1.0286,0.017333333333333336
10,0.76,1.0286,0.0030000000000000005
10,0.95,1.0286,0.0003333333333333333
10,0.0,1.15,0.3456666666666666
10,0.19,1.15,0.19400000000000003
10,0.38,1.15,0.06833333333333334
10,0.57,1.15,0.016666666666666666
10,0.76,1.15,0.0023333333333333335
10,0.95,1.15,0.0006666666666666666
10,0.0,1.2714,0.316
10,0.19,1.2714,0.17366666666666664
10,0.38,1.2714,0.052
10,0.57,1.2714,0.009333333333333332
10,0.76,1.2714,0.001
10,0.95,1.2714,0.0
10,0.0,1.3929,0.287
10,0.19,1.3929,0.152
10,0.38,1.3929,0.03966666666666666
10,0.57,1.3929,0.008
10,0.76,1.3929,0.001
10,0.95,1.3929,0.0
10,0.0,1.5143,0.262
10,0.19,1.5143,0.14100000000000001
10,0.38,1.5143,0.03133333333333333
10,0.57,1.5143,0.007333333333333333
10,0.76,1.5143,0.001
10,0.95,1.5143,0.0006666666666666666
10,0.0,1.6357,0.23233333333333336
10,0.19,1.6357,0.12066666666666666
10,0.38,1.6357,0.02266666666666667
10,0.57,1.6357,0.005666666666666667
10,0.76,1.6357,0.001
10,0.95,1.6357,0.001
10,0.0,1.7571,0.20766666666666667
10,0.19,1.7571,0.10133333333333333
10,0.38,1.7571,0.017
10,0.57,1.7571,0.005
10,0.76,1.7571,0.001
10,0.95,1.7571,0.001
10,0.0,1.8786,0.18066666666666667
10,0.19,1.8786,0.08600000000000001
10,0.38,1.8786,0.013
10,0.57,1.8786,0.005666666666666667
10,0.76,1.8786,0.001
10,0.95,1.8786,0.002
10,0.0,2.0,0.16233333333333333
10,0.19,2.0,0.071
10,0.38,2.0,0.011333333333333332
10,0.57,2.0,0.004333333333333334
10,0.76,2.0,0.001
10,0.95,2.0,0.002
11,0.0,0.0,0.703
11,0.19,0.0,0.677
11,0.38,0.0,0.621
11,0.57,0.0,0.471
11,0.76,0.0,0.11
11,0.95,0.0,0.006
11,0.0,0.3,0.6833333333333335
11,0.19,0.3,0.6046666666666666
11,0.38,0.3,0.4486666666666667
11,0.57,0.3,0.257
11,0.76,0.3,0.021
11,0.95,0.3,0.0026666666666666666
11,0.0,0.4214,0.68
11,0.19,0.4214,0.6016666666666667
11,0.38,0.4214,0.44
11,0.57,0.4214,0.254
11,0.76,0.4214,0.019666666666666666
11,0.95,0.4214,0.0023333333333333335
11,0.0,0.5429,0.6750000000000002
11,0.19,0.5429,0.597
11,0.38,0.5429,0.433
11,0.57,0.5429,0.24266666666666667
11,0.76,0.5429,0.017333333333333333
11,0.95,0.5429,0.0016666666666666668
11,0.0,0.6643,0.6763333333333333
11,0.19,0.6643,0.5993333333333334
11,0.38,0.6643,0.4226666666666667
11,0.57,0.6643,0.224
11,0.76,0.6643,0.016333333333333335
11,0.95,0.6643,0.0016666666666666668
11,0.0,0.7857,0.673
11,0.19,0.7857,0.59
11,0.38,0.7857,0.4166666666666667
11,0.57,0.7857,0.22333333333333336
11,0.76,0.7857,0.017
11,0.95,0.7857,0.0006666666666666666
11,0.0,0.9071,0.668
11,0.19,0.9071,0.577
11,0.38,0.9071,0.39966666666666667
11,0.57,0.9071,0.20366666666666666
11,0.76,0.9071,0.017
11,0.95,0.9071,0.0013333333333333333
11,0.0,1.0286,0.663
11,0.19,1.0286,0.5736666666666665
11,0.38,1.0286,0.3913333333333333
11,0.57,1.0286,0.2006666666666667
11,0.76,1.0286,0.014666666666666666
11,0.95,1.0286,0.0003333333333333333
11,0.0,1.15,0.656
11,0.19,1.15,0.5616666666666666
11,0.38,1.15,0.38033333333333336
11,0.57,1.15,0.18933333333333335
11,0.76,1.15,0.013666666666666667
11,0.95,1.15,0.0003333333333333333
11,0.0,1.2714,0.6413333333333334
11,0.19,1.2714,0.5483333333333335
11,0.38,1.2714,0.35799999999999993
11,0.57,1.2714,0.17500000000000002
11,0.76,1.2714,0.013
11,0.95,1.2714,0.001
11,0.0,1.3929,0.629
11,0.19,1.3929,0.537
11,0.38,1.3929,0.35200000000000004
11,0.57,1.3929,0.15466666666666665
11,0.76,1.3929,0.011333333333333334
11,0.95,1.3929,0.0006666666666666666
11,0.0,1.5143,0.6206666666666667
11,0.19,1.5143,0.519
11,0.38,1.5143,0.335
11,0.57,1.5143,0.14133333333333334
11,0.76,1.5143,0.011999999999999999
11,0.95,1.5143,0.0016666666666666668
11,0.0,1.6357,0.6166666666666667
11,0.19,1.6357,0.507
11,0.38,1.6357,0.31233333333333335
11,0.57,1.6357,0.121
11,0.76,1.6357,0.010333333333333333
11,0.95,1.6357,0.0006666666666666666
11,0.0,1.7571,0.5946666666666666
11,0.19,1.7571,0.484
11,0.38,1.7571,0.295
11,0.57,1.7571,0.11033333333333334
11,0.76,1.7571,0.011000000000000001
11,0.95,1.7571,0.0006666666666666666
11,0.0,1.8786,0.58
11,0.19,1.8786,0.467
11,0.38,1.8786,0.27366666666666667
11,0.57,1.8786,0.10033333333333334
11,0.76,1.8786,0.008666666666666668
11,0.95,1.8786,0.0013333333333333333
11,0.0,2.0,0.5663333333333332
11,0.19,2.0,0.458
11,0.38,2.0,0.26166666666666666
11,0.57,2.0,0.08933333333333333
11,0.76,2.0,0.009666666666666667
11,0.95,2.0,0.0013333333333333333
12,0.0,0.0,0.703
12,0.19,0.0,0.678
12,0.38,0.0,0.634
12,0.57,0.0,0.429
12,0.76,0.0,0.18
12,0.95,0.0,0.002
12,0.0,0.3,0.4053333333333333
12,0.19,0.3,0.2876666666666667
12,0.38,0.3,0.14100000000000001
12,0.57,0.3,0.031
12,0.76,0.3,0.0036666666666666666
12,0.95,0.3,0.001
12,0.0,0.4214,0.3946666666666667
12,0.19,0.4214,0.276
12,0.38,0.4214,0.13133333333333333
12,0.57,0.4214,0.028999999999999998
12,0.76,0.4214,0.004333333333333334
12,0.95,0.4214,0.001
12,0.0,0.5429,0.379
12,0.19,0.5429,0.259
12,0.38,0.5429,0.11933333333333333
12,0.57,0.5429,0.028333333333333335
12,0.76,0.5429,0.0036666666666666666
12,0.95,0.5429,0.001
12,0.0,0.6643,0.35966666666666663
12,0.19,0.6643,0.245
12,0.38,0.6643,0.11433333333333333
12,0.57,0.6643,0.023000000000000003
12,0.76,0.6643,0.0033333333333333335
12,0.95,0.6643,0.001
12,0.0,0.7857,0.34833333333333333
12,0.19,0.7857,0.22999999999999998
12,0.38,0.7857,0.104
12,0.57,0.7857,0.018666666666666668
12,0.76,0.7857,0.0033333333333333335
12,0.95,0.7857,0.001
12,0.0,0.9071,0.32666666666666666
12,0.19,0.9071,0.20966666666666667
12,0.38,0.9071,0.09433333333333334
12,0.57,0.9071,0.018000000000000002
12,0.76,0.9071,0.0026666666666666666
12,0.95,0.9071,0.001
12,0.0,1.0286,0.29866666666666664
12,0.19,1.0286,0.19000000000000003
12,0.38,1.0286,0.08833333333333333
12,0.57,1.0286,0.016
12,0.76,1.0286,0.0030000000000000005
12,0.95,1.0286,0.001
12,0.0,1.15,0.26533333333333337
12,0.19,1.15,0.16866666666666666
12,0.38,1.15,0.07633333333333332
12,0.57,1.15,0.013
12,0.76,1.15,0.002
12,0.95,1.15,0.001
12,0.0,1.2714,0.23366666666666666
12,0.19,1.2714,0.15333333333333332
12,0.38,1.2714,0.06766666666666667
12,0.57,1.2714,0.015333333333333332
12,0.76,1.2714,0.002
12,0.95,1.2714,0.001
12,0.0,1.3929,0.20333333333333334
12,0.19,1.3929,0.1386666666666667
12,0.38,1.3929,0.054
12,0.57,1.3929,0.012333333333333333
12,0.76,1.3929,0.0013333333333333333
12,0.95,1.3929,0.001
12,0.0,1.5143,0.18766666666666665
12,0.19,1.5143,0.124
12,0.38,1.5143,0.04900000000000001
12,0.57,1.5143,0.01
12,0.76,1.5143,0.001
12,0.95,1.5143,0.0006666666666666666
12,0.0,1.6357,0.159
12,0.19,1.6357,0.10833333333333334
12,0.38,1.6357,0.042333333333333334
12,0.57,1.6357,0.009333333333333332
12,0.76,1.6357,0.001
12,0.95,1.6357,0.0006666666666666666
12,0.0,1.7571,0.14133333333333334
12,0.19,1.7571,0.09433333333333334
12,0.38,1.7571,0.036000000000000004
12,0.57,1.7571,0.007666666666666666
12,0.76,1.7571,0.0013333333333333333
12,0.95,1.7571,0.0
12,0.0,1.8786,0.12433333333333334
12,0.19,1.8786,0.08433333333333333
12,0.38,1.8786,0.03
12,0.57,1.8786,0.006999999999999999
12,0.76,1.8786,0.001
12,0.95,1.8786,0.0003333333333333333
12,0.0,2.0,0.10633333333333334
12,0.19,2.0,0.074
12,0.38,2.0,0.027
12,0.57,2.0,0.006666666666666667
12,0.76,2.0,0.001
12,0.95,2.0,0.0003333333333333333
13,0.0,0.0,0.703
13,0.19,0.0,0.678
13,0.38,0.0,0.634
13,0.57,0.0,0.429
13,0.76,0.0,0.18
13,0.95,0.0,0.002
13,0.0,0.3,0.6743333333333333
13,0.19,0.3,0.5976666666666667
13,0.38,0.3,0.4683333333333333
13,0.57,0.3,0.21433333333333335
13,0.76,0.3,0.03166666666666667
13,0.95,0.3,0.002
13,0.0,0.4214,0.6706666666666669
13,0.19,0.4214,0.597
13,0.38,0.4214,0.467
13,0.57,0.4214,0.212
13,0.76,0.4214,0.03166666666666667
13,0.95,0.4214,0.002
13,0.0,0.5429,0.6763333333333333
13,0.19,0.5429,0.5936666666666667
13,0.38,0.5429,0.45933333333333337
13,0.57,0.5429,0.20633333333333334
13,0.76,0.5429,0.028999999999999998
13,0.95,0.5429,0.002
13,0.0,0.6643,0.673
13,0.19,0.6643,0.5896666666666667
13,0.38,0.6643,0.4543333333333333
13,0.57,0.6643,0.20099999999999998
13,0.76,0.6643,0.028666666666666663
13,0.95,0.6643,0.0016666666666666668
13,0.0,0.7857,0.6696666666666667
13,0.19,0.7857,0.588
13,0.38,0.7857,0.4503333333333333
13,0.57,0.7857,0.19533333333333336
13,0.76,0.7857,0.029666666666666664
13,0.95,0.7857,0.001
13,0.0,0.9071,0.6656666666666667
13,0.19,0.9071,0.5846666666666667
13,0.38,0.9071,0.4386666666666667
13,0.57,0.9071,0.18966666666666665
13,0.76,0.9071,0.027
13,0.95,0.9071,0.001
13,0.0,1.0286,0.664
13,0.19,1.0286,0.5743333333333333
13,0.38,1.0286,0.435
13,0.57,1.0286,0.18333333333333335
13,0.76,1.0286,0.024333333333333335
13,0.95,1.0286,0.001
13,0.0,1.15,0.6573333333333333
13,0.19,1.15,0.5683333333333332
13,0.38,1.15,0.429
13,0.57,1.15,0.17633333333333331
13,0.76,1.15,0.025333333333333333
13,0.95,1.15,0.001
13,0.0,1.2714,0.6526666666666667
13,0.19,1.2714,0.5633333333333334
13,0.38,1.2714,0.4083333333333334
13,0.57,1.2714,0.16333333333333333
13,0.76,1.2714,0.023000000000000003
13,0.95,1.2714,0.001
13,0.0,1.3929,0.6536666666666667
13,0.19,1.3929,0.5536666666666666
13,0.38,1.3929,0.40833333333333327
13,0.57,1.3929,0.156
13,0.76,1.3929,0.02266666666666667
13,0.95,1.3929,0.001
13,0.0,1.5143,0.6466666666666667
13,0.19,1.5143,0.5473333333333333
13,0.38,1.5143,0.38633333333333336
13,0.57,1.5143,0.148
13,0.76,1.5143,0.01966666666666667
13,0.95,1.5143,0.001
13,0.0,1.6357,0.6396666666666667
13,0.19,1.6357,0.535
13,0.38,1.6357,0.36533333333333334
13,0.57,1.6357,0.1366666666666667
13,0.76,1.6357,0.02033333333333333
13,0.95,1.6357,0.001
13,0.0,1.7571,0.6293333333333333
13,0.19,1.7571,0.521
13,0.38,1.7571,0.34733333333333327
13,0.57,1.7571,0.13566666666666669
13,0.76,1.7571,0.02
13,0.95,1.7571,0.001
13,0.0,1.8786,0.6166666666666666
13,0.19,1.8786,0.5036666666666666
13,0.38,1.8786,0.3499999999999999
13,0.57,1.8786,0.11699999999999999
13,0.76,1.8786,0.02033333333333333
13,0.95,1.8786,0.001
13,0.0,2.0,0.6136666666666667
13,0.19,2.0,0.49499999999999994
13,0.38,2.0,0.3296666666666667
13,0.57,2.0,0.10966666666666668
13,0.76,2.0,0.017
13,0.95,2.0,0.001
14,0.0,0.0,0.703
14,0.19,0.0,0.681
14,0.38,0.0,0.616
14,0.57,0.0,0.49
14,0.76,0.0,0.07
14,0.95,0.0,0.001
14,0.0,0.3,0.42333333333333334
14,0.19,0.3,0.31666666666666665
14,0.38,0.3,0.16266666666666665
14,0.57,0.3,0.074
14,0.76,0.3,0.008
14,0.95,0.3,0.001
14,0.0,0.4214,0.41733333333333333
14,0.19,0.4214,0.3153333333333333
14,0.38,0.4214,0.15933333333333333
14,0.57,0.4214,0.07100000000000001
14,0.76,0.4214,0.007
14,0.95,0.4214,0.001
14,0.0,0.5429,0.4163333333333333
14,0.19,0.5429,0.31
14,0.38,0.5429,0.15033333333333332
14,0.57,0.5429,0.06866666666666667
14,0.76,0.5429,0.006333333333333333
14,0.95,0.5429,0.001
14,0.0,0.6643,0.40266666666666673
14,0.19,0.6643,0.3013333333333333
14,0.38,0.6643,0.145
14,0.57,0.6643,0.06366666666666666
14,0.76,0.6643,0.004333333333333334
14,0.95,0.6643,0.001
14,0.0,0.7857,0.39333333333333337
14,0.19,0.7857,0.29266666666666663
14,0.38,0.7857,0.1406666666666667
14,0.57,0.7857,0.05733333333333334
14,0.76,0.7857,0.004333333333333334
14,0.95,0.7857,0.001
14,0.0,0.9071,0.3706666666666667
14,0.19,0.9071,0.277
14,0.38,0.9071,0.127
14,0.57,0.9071,0.04933333333333334
14,0.76,0.9071,0.0033333333333333335
14,0.95,0.9071,0.001
14,0.0,1.0286,0.35733333333333334
14,0.19,1.0286,0.253
14,0.38,1.0286,0.12
14,0.57,1.0286,0.041
14,0.76,1.0286,0.0026666666666666666
14,0.95,1.0286,0.001
14,0.0,1.15,0.3353333333333333
14,0.19,1.15,0.23933333333333331
14,0.38,1.15,0.10333333333333333
14,0.57,1.15,0.03233333333333333
14,0.76,1.15,0.0016666666666666668
14,0.95,1.15,0.001
14,0.0,1.2714,0.31633333333333336
14,0.19,1.2714,0.216
14,0.38,1.2714,0.08566666666666667
14,0.57,1.2714,0.024000000000000004
14,0.76,1.2714,0.0013333333333333333
14,0.95,1.2714,0.001
14,0.0,1.3929,0.2823333333333333
14,0.19,1.3929,0.19499999999999998
14,0.38,1.3929,0.075
14,0.57,1.3929,0.018333333333333337
14,0.76,1.3929,0.0016666666666666668
14,0.95,1.3929,0.001
14,0.0,1.5143,0.24933333333333332
14,0.19,1.5143,0.17366666666666664
14,0.38,1.5143,0.06766666666666667
14,0.57,1.5143,0.012333333333333333
14,0.76,1.5143,0.0016666666666666668
14,0.95,1.5143,0.001
14,0.0,1.6357,0.21366666666666667
14,0.19,1.6357,0.15
14,0.38,1.6357,0.05666666666666667
14,0.57,1.6357,0.009000000000000001
14,0.76,1.6357,0.0023333333333333335
14,0.95,1.6357,0.001
14,0.0,1.7571,0.17833333333333332
14,0.19,1.7571,0.13466666666666668
14,0.38,1.7571,0.04533333333333334
14,0.57,1.7571,0.007666666666666666
14,0.76,1.7571,0.0013333333333333333
14,0.95,1.7571,0.001
14,0.0,1.8786,0.16366666666666665
14,0.19,1.8786,0.10933333333333334
14,0.38,1.8786,0.037
14,0.57,1.8786,0.004666666666666667
14,0.76,1.8786,0.0016666666666666668
14,0.95,1.8786,0.002
14,0.0,2.0,0.13733333333333334
14,0.19,2.0,0.09200000000000001
14,0.38,2.0,0.03266666666666667
14,0.57,2.0,0.004333333333333334
14,0.76,2.0,0.001
14,0.95,2.0,0.004
15,0.0,0.0,0.703
15,0.19,0.0,0.681
15,0.38,0.0,0.616
15,0.57,0.0,0.49
15,0.76,0.0,0.07
15,0.95,0.0,0.001
15,0.0,0.3,0.6713333333333334
15,0.19,0.3,0.5966666666666666
15,0.38,0.3,0.455
15,0.57,0.3,0.284
15,0.76,0.3,0.01933333333333333
15,0.95,0.3,0.001
15,0.0,0.4214,0.666
15,0.19,0.4214,0.5906666666666666
15,0.38,0.4214,0.447
15,0.57,0.4214,0.27366666666666667
15,0.76,0.4214,0.018
15,0.95,0.4214,0.001
15,0.0,0.5429,0.6623333333333333
15,0.19,0.5429,0.584
15,0.38,0.5429,0.44133333333333336
15,0.57,0.5429,0.254
15,0.76,0.5429,0.016333333333333335
15,0.95,0.5429,0.0013333333333333333
15,0.0,0.6643,0.6553333333333334
15,0.19,0.6643,0.5783333333333333
15,0.38,0.6643,0.42533333333333334
15,0.57,0.6643,0.23399999999999999
15,0.76,0.6643,0.016
15,0.95,0.6643,0.002
15,0.0,0.7857,0.6493333333333333
15,0.19,0.7857,0.5673333333333332
15,0.38,0.7857,0.412
15,0.57,0.7857,0.21
15,0.76,0.7857,0.014666666666666666
15,0.95,0.7857,0.0026666666666666666
15,0.0,0.9071,0.6433333333333333
15,0.19,0.9071,0.5596666666666668
15,0.38,0.9071,0.393
15,0.57,0.9071,0.19066666666666668
15,0.76,0.9071,0.013333333333333334
15,0.95,0.9071,0.0036666666666666666
15,0.0,1.0286,0.6346666666666666
15,0.19,1.0286,0.5473333333333333
15,0.38,1.0286,0.37733333333333335
15,0.57,1.0286,0.17333333333333334
15,0.76,1.0286,0.012333333333333333
15,0.95,1.0286,0.0033333333333333335
15,0.0,1.15,0.624
15,0.19,1.15,0.532
15,0.38,1.15,0.34800000000000003
15,0.57,1.15,0.15466666666666665
15,0.76,1.15,0.009333333333333332
15,0.95,1.15,0.0030000000000000005
15,0.0,1.2714,0.6153333333333334
15,0.19,1.2714,0.512
15,0.38,1.2714,0.32833333333333337
15,0.57,1.2714,0.14
15,0.76,1.2714,0.009
15,0.95,1.2714,0.0023333333333333335
15,0.0,1.3929,0.6013333333333333
15,0.19,1.3929,0.4923333333333333
15,0.38,1.3929,0.30033333333333334
15,0.57,1.3929,0.12333333333333334
15,0.76,1.3929,0.007
15,0.95,1.3929,0.001
15,0.0,1.5143,0.5763333333333334
15,0.19,1.5143,0.47300000000000003
15,0.38,1.5143,0.27
15,0.57,1.5143,0.10533333333333333
15,0.76,1.5143,0.007666666666666666
15,0.95,1.5143,0.001
15,0.0,1.6357,0.5640000000000001
15,0.19,1.6357,0.448
15,0.38,1.6357,0.24633333333333332
15,0.57,1.6357,0.09000000000000001
15,0.76,1.6357,0.006666666666666667
15,0.95,1.6357,0.0003333333333333333
15,0.0,1.7571,0.5463333333333334
15,0.19,1.7571,0.43
15,0.38,1.7571,0.21633333333333335
15,0.57,1.7571,0.07600000000000001
15,0.76,1.7571,0.007
15,0.95,1.7571,0.0006666666666666666
15,0.0,1.8786,0.5146666666666667
15,0.19,1.8786,0.4053333333333333
15,0.38,1.8786,0.19566666666666666
15,0.57,1.8786,0.07233333333333335
15,0.76,1.8786,0.006666666666666667
15,0.95,1.8786,0.0
15,0.0,2.0,0.49099999999999994
15,0.19,2.0,0.36999999999999994
15,0.38,2.0,0.17533333333333334
15,0.57,2.0,0.057333333333333326
15,0.76,2.0,0.007666666666666666
15,0.95,2.0,0.0
16,0.0,0.0,0.703
16,0.19,0.0,0.655
16,0.38,0.0,0.567
16,0.57,0.0,0.358
16,0.76,0.0,0.085
16,0.95,0.0,0.001
16,0.0,0.3,0.33
16,0.19,0.3,0.164
16,0.38,0.3,0.10266666666666667
16,0.57,0.3,0.011666666666666667
16,0.76,0.3,0.005666666666666667
16,0.95,0.3,0.002
16,0.0,0.4214,0.28333333333333327
16,0.19,0.4214,0.13933333333333334
16,0.38,0.4214,0.082
16,0.57,0.4214,0.008
16,0.76,0.4214,0.005
16,0.95,0.4214,0.0026666666666666666
16,0.0,0.5429,0.23966666666666667
16,0.19,0.5429,0.116
16,0.38,0.5429,0.06166666666666667
16,0.57,0.5429,0.006666666666666667
16,0.76,0.5429,0.005
16,0.95,0.5429,0.0030000000000000005
16,0.0,0.6643,0.18066666666666667
16,0.19,0.6643,0.08600000000000001
16,0.38,0.6643,0.044333333333333336
16,0.57,0.6643,0.004666666666666667
16,0.76,0.6643,0.005
16,0.95,0.6643,0.0033333333333333335
16,0.0,0.7857,0.12866666666666668
16,0.19,0.7857,0.05833333333333333
16,0.38,0.7857,0.02766666666666667
16,0.57,0.7857,0.004
16,0.76,0.7857,0.004333333333333334
16,0.95,0.7857,0.005333333333333333
16,0.0,0.9071,0.09300000000000001
16,0.19,0.9071,0.036
16,0.38,0.9071,0.018333333333333337
16,0.57,0.9071,0.004
16,0.76,0.9071,0.004
16,0.95,0.9071,0.002
16,0.0,1.0286,0.05833333333333333
16,0.19,1.0286,0.02033333333333333
16,0.38,1.0286,0.012333333333333333
16,0.57,1.0286,0.004
16,0.76,1.0286,0.004
16,0.95,1.0286,0.0016666666666666668
16,0.0,1.15,0.034333333333333334
16,0.19,1.15,0.011999999999999999
16,0.38,1.15,0.009000000000000001
16,0.57,1.15,0.004
16,0.76,1.15,0.004
16,0.95,1.15,0.0016666666666666668
16,0.0,1.2714,0.017666666666666667
16,0.19,1.2714,0.008666666666666668
16,0.38,1.2714,0.006666666666666667
16,0.57,1.2714,0.004
16,0.76,1.2714,0.004
16,0.95,1.2714,0.0023333333333333335
16,0.0,1.3929,0.007
16,0.19,1.3929,0.006666666666666667
16,0.38,1.3929,0.005666666666666667
16,0.57,1.3929,0.004
16,0.76,1.3929,0.004
16,0.95,1.3929,0.0016666666666666668
16,0.0,1.5143,0.004
16,0.19,1.5143,0.004
16,0.38,1.5143,0.0030000000000000005
16,0.57,1.5143,0.004
16,0.76,1.5143,0.0036666666666666666
16,0.95,1.5143,0.0013333333333333333
16,0.0,1.6357,0.001
16,0.19,1.6357,0.0036666666666666666
16,0.38,1.6357,0.0033333333333333335
16,0.57,1.6357,0.004
16,0.76,1.6357,0.0030000000000000005
16,0.95,1.6357,0.0003333333333333333
16,0.0,1.7571,0.0
16,0.19,1.7571,0.002
16,0.38,1.7571,0.0030000000000000005
16,0.57,1.7571,0.0036666666666666666
16,0.76,1.7571,0.0030000000000000005
16,0.95,1.7571,0.001
16,0.0,1.8786,0.0
16,0.19,1.8786,0.001
16,0.38,1.8786,0.0030000000000000005
16,0.57,1.8786,0.0036666666666666666
16,0.76,1.8786,0.002
16,0.95,1.8786,0.001
16,0.0,2.0,0.0
16,0.19,2.0,0.0006666666666666666
16,0.38,2.0,0.0030000000000000005
16,0.57,2.0,0.0033333333333333335
16,0.76,2.0,0.002
16,0.95,2.0,0.001
17,0.0,0.0,0.703
17,0.19,0.0,0.655
17,0.38,0.0,0.567
17,0.57,0.0,0.358
17,0.76,0.0,0.085
17,0.95,0.0,0.001
17,0.0,0.3,0.6043333333333333
17,0.19,0.3,0.4426666666666667
17,0.38,0.3,0.31633333333333336
17,0.57,0.3,0.11033333333333334
17,0.76,0.3,0.017
17,0.95,0.3,0.0016666666666666668
17,0.0,0.4214,0.5253333333333333
17,0.19,0.4214,0.36033333333333334
17,0.38,0.4214,0.26133333333333336
17,0.57,0.4214,0.06833333333333334
17,0.76,0.4214,0.013333333333333334
17,0.95,0.4214,0.0003333333333333333
17,0.0,0.5429,0.445
17,0.19,0.5429,0.284
17,0.38,0.5429,0.20433333333333334
17,0.57,0.5429,0.042333333333333334
17,0.76,0.5429,0.010333333333333333
17,0.95,0.5429,0.0
17,0.0,0.6643,0.37233333333333335
17,0.19,0.6643,0.22
17,0.38,0.6643,0.15133333333333332
17,0.57,0.6643,0.024666666666666667
17,0.76,0.6643,0.008333333333333333
17,0.95,0.6643,0.0
17,0.0,0.7857,0.2813333333333334
17,0.19,0.7857,0.16166666666666665
17,0.38,0.7857,0.108
17,0.57,0.7857,0.013333333333333334
17,0.76,0.7857,0.006000000000000001
17,0.95,0.7857,0.0
17,0.0,0.9071,0.19233333333333333
17,0.19,0.9071,0.12266666666666666
17,0.38,0.9071,0.07366666666666667
17,0.57,0.9071,0.008
17,0.76,0.9071,0.005666666666666667
17,0.95,0.9071,0.0003333333333333333
17,0.0,1.0286,0.13833333333333334
17,0.19,1.0286,0.09033333333333333
17,0.38,1.0286,0.05366666666666667
17,0.57,1.0286,0.006000000000000001
17,0.76,1.0286,0.0030000000000000005
17,0.95,1.0286,0.001
17,0.0,1.15,0.09566666666666668
17,0.19,1.15,0.06566666666666666
17,0.38,1.15,0.037333333333333336
17,0.57,1.15,0.005333333333333333
17,0.76,1.15,0.002
17,0.95,1.15,0.001
17,0.0,1.2714,0.07133333333333335
17,0.19,1.2714,0.04800000000000001
17,0.38,1.2714,0.029666666666666664
17,0.57,1.2714,0.005
17,0.76,1.2714,0.0013333333333333333
17,0.95,1.2714,0.001
17,0.0,1.3929,0.04533333333333334
17,0.19,1.3929,0.03566666666666667
17,0.38,1.3929,0.021
17,0.57,1.3929,0.005
17,0.76,1.3929,0.001
17,0.95,1.3929,0.001
17,0.0,1.5143,0.030333333333333334
17,0.19,1.5143,0.025666666666666667
17,0.38,1.5143,0.015333333333333332
17,0.57,1.5143,0.005
17,0.76,1.5143,0.001
17,0.95,1.5143,0.001
17,0.0,1.6357,0.022333333333333334
17,0.19,1.6357,0.017333333333333336
17,0.38,1.6357,0.010333333333333333
17,0.57,1.6357,0.005
17,0.76,1.6357,0.001
17,0.95,1.6357,0.001
17,0.0,1.7571,0.013666666666666667
17,0.19,1.7571,0.010666666666666666
17,0.38,1.7571,0.005666666666666667
17,0.57,1.7571,0.005
17,0.76,1.7571,0.001
17,0.95,1.7571,0.001
17,0.0,1.8786,0.008666666666666666
17,0.19,1.8786,0.005999999999999999
17,0.38,1.8786,0.0033333333333333335
17,0.57,1.8786,0.005333333333333333
17,0.76,1.8786,0.001
17,0.95,1.8786,0.001
17,0.0,2.0,0.007
17,0.19,2.0,0.0023333333333333335
17,0.38,2.0,0.0030000000000000005
17,0.57,2.0,0.005666666666666667
17,0.76,2.0,0.0
17,0.95,2.0,0.001
18,0.0,0.0,0.703
18,0.19,0.0,0.655
18,0.38,0.0,0.567
18,0.57,0.0,0.358
18,0.76,0.0,0.084
18,0.95,0.0,0.002
18,0.0,0.3,0.597
18,0.19,0.3,0.44566666666666666
18,0.38,0.3,0.313
18,0.57,0.3,0.102
18,0.76,0.3,0.013
18,0.95,0.3,0.005
18,0.0,0.4214,0.5870000000000001
18,0.19,0.4214,0.4363333333333333
18,0.38,0.4214,0.305
18,0.57,0.4214,0.09966666666666668
18,0.76,0.4214,0.013
18,0.95,0.4214,0.0036666666666666666
18,0.0,0.5429,0.5906666666666666
18,0.19,0.5429,0.4303333333333333
18,0.38,0.5429,0.297
18,0.57,0.5429,0.09066666666666667
18,0.76,0.5429,0.012666666666666666
18,0.95,0.5429,0.0026666666666666666
18,0.0,0.6643,0.5833333333333333
18,0.19,0.6643,0.42566666666666664
18,0.38,0.6643,0.2846666666666666
18,0.57,0.6643,0.08933333333333333
18,0.76,0.6643,0.011666666666666665
18,0.95,0.6643,0.0026666666666666666
18,0.0,0.7857,0.58
18,0.19,0.7857,0.4073333333333333
18,0.38,0.7857,0.27366666666666667
18,0.57,0.7857,0.07866666666666666
18,0.76,0.7857,0.011666666666666665
18,0.95,0.7857,0.002
18,0.0,0.9071,0.5743333333333333
18,0.19,0.9071,0.38966666666666666
18,0.38,0.9071,0.257
18,0.57,0.9071,0.07100000000000001
18,0.76,0.9071,0.008666666666666668
18,0.95,0.9071,0.0016666666666666668
18,0.0,1.0286,0.5593333333333333
18,0.19,1.0286,0.3753333333333333
18,0.38,1.0286,0.23866666666666667
18,0.57,1.0286,0.059
18,0.76,1.0286,0.009
18,0.95,1.0286,0.002
18,0.0,1.15,0.5516666666666667
18,0.19,1.15,0.36633333333333334
18,0.38,1.15,0.22566666666666668
18,0.57,1.15,0.05433333333333334
18,0.76,1.15,0.005666666666666667
18,0.95,1.15,0.001
18,0.0,1.2714,0.541
18,0.19,1.2714,0.3426666666666667
18,0.38,1.2714,0.212
18,0.57,1.2714,0.049666666666666665
18,0.76,1.2714,0.006333333333333334
18,0.95,1.2714,0.0013333333333333333
18,0.0,1.3929,0.5313333333333333
18,0.19,1.3929,0.333
18,0.38,1.3929,0.19733333333333336
18,0.57,1.3929,0.04566666666666667
18,0.76,1.3929,0.006333333333333333
18,0.95,1.3929,0.0006666666666666666
18,0.0,1.5143,0.5146666666666667
18,0.19,1.5143,0.308
18,0.38,1.5143,0.17899999999999996
18,0.57,1.5143,0.03466666666666667
18,0.76,1.5143,0.005666666666666667
18,0.95,1.5143,0.002
18,0.0,1.6357,0.4956666666666667
18,0.19,1.6357,0.2856666666666667
18,0.38,1.6357,0.164
18,0.57,1.6357,0.03166666666666667
18,0.76,1.6357,0.005
18,0.95,1.6357,0.0016666666666666668
18,0.0,1.7571,0.4749999999999999
18,0.19,1.7571,0.2776666666666667
18,0.38,1.7571,0.151
18,0.57,1.7571,0.030666666666666665
18,0.76,1.7571,0.004666666666666667
18,0.95,1.7571,0.0023333333333333335
18,0.0,1.8786,0.45166666666666666
18,0.19,1.8786,0.25266666666666665
18,0.38,1.8786,0.14300000000000002
18,0.57,1.8786,0.024666666666666667
18,0.76,1.8786,0.004666666666666667
18,0.95,1.8786,0.0016666666666666668
18,0.0,2.0,0.43766666666666665
18,0.19,2.0,0.23166666666666666
18,0.38,2.0,0.12666666666666668
18,0.57,2.0,0.021666666666666667
18,0.76,2.0,0.005
18,0.95,2.0,0.0013333333333333333
19,0.0,0.0,0.703
19,0.19,0.0,0.675
19,0.38,0.0,0.656
19,0.57,0.0,0.537
19,0.76,0.0,0.21
19,0.95,0.0,0.011
19,0.0,0.3,0.26033333333333336
19,0.19,0.3,0.18000000000000002
19,0.38,0.3,0.08133333333333333
19,0.57,0.3,0.03333333333333333
19,0.76,0.3,0.009666666666666665
19,0.95,0.3,0.0
19,0.0,0.4214,0.24
19,0.19,0.4214,0.159
19,0.38,0.4214,0.073
19,0.57,0.4214,0.028
19,0.76,0.4214,0.007
19,0.95,0.4214,0.0
19,0.0,0.5429,0.216
19,0.19,0.5429,0.14233333333333334
19,0.38,0.5429,0.065
19,0.57,0.5429,0.024666666666666667
19,0.76,0.5429,0.007333333333333333
19,0.95,0.5429,0.0
19,0.0,0.6643,0.18166666666666664
19,0.19,0.6643,0.12066666666666666
19,0.38,0.6643,0.057333333333333326
19,0.57,0.6643,0.020666666666666667
19,0.76,0.6643,0.006666666666666667
19,0.95,0.6643,0.0
19,0.0,0.7857,0.14866666666666664
19,0.19,0.7857,0.10266666666666668
19,0.38,0.7857,0.051333333333333335
19,0.57,0.7857,0.01933333333333333
19,0.76,0.7857,0.005999999999999999
19,0.95,0.7857,0.0
19,0.0,0.9071,0.119
19,0.19,0.9071,0.079
19,0.38,0.9071,0.04
19,0.57,0.9071,0.014333333333333332
19,0.76,0.9071,0.006333333333333334
19,0.95,0.9071,0.0
19,0.0,1.0286,0.09300000000000001
19,0.19,1.0286,0.064
19,0.38,1.0286,0.036333333333333336
19,0.57,1.0286,0.012333333333333333
19,0.76,1.0286,0.006000000000000001
19,0.95,1.0286,0.0003333333333333333
19,0.0,1.15,0.06566666666666666
19,0.19,1.15,0.04866666666666667
19,0.38,1.15,0.028999999999999998
19,0.57,1.15,0.008666666666666668
19,0.76,1.15,0.004666666666666667
19,0.95,1.15,0.0016666666666666668
19,0.0,1.2714,0.045000000000000005
19,0.19,1.2714,0.036333333333333336
19,0.38,1.2714,0.020666666666666667
19,0.57,1.2714,0.008333333333333333
19,0.76,1.2714,0.0036666666666666666
19,0.95,1.2714,0.0013333333333333333
19,0.0,1.3929,0.035
19,0.19,1.3929,0.027
19,0.38,1.3929,0.015666666666666666
19,0.57,1.3929,0.008666666666666668
19,0.76,1.3929,0.0023333333333333335
19,0.95,1.3929,0.0013333333333333333
19,0.0,1.5143,0.02266666666666667
19,0.19,1.5143,0.017333333333333336
19,0.38,1.5143,0.010666666666666666
19,0.57,1.5143,0.006666666666666667
19,0.76,1.5143,0.001
19,0.95,1.5143,0.0016666666666666668
19,0.0,1.6357,0.014666666666666666
19,0.19,1.6357,0.011333333333333334
19,0.38,1.6357,0.009666666666666665
19,0.57,1.6357,0.004333333333333334
19,0.76,1.6357,0.0016666666666666668
19,0.95,1.6357,0.002
19,0.0,1.7571,0.009333333333333332
19,0.19,1.7571,0.008
19,0.38,1.7571,0.005666666666666667
19,0.57,1.7571,0.004666666666666667
19,0.76,1.7571,0.0013333333333333333
19,0.95,1.7571,0.002
19,0.0,1.8786,0.007666666666666666
19,0.19,1.8786,0.005333333333333333
19,0.38,1.8786,0.005
19,0.57,1.8786,0.0036666666666666666
19,0.76,1.8786,0.0016666666666666668
19,0.95,1.8786,0.002
19,0.0,2.0,0.006000000000000001
19,0.19,2.0,0.005666666666666667
19,0.38,2.0,0.004333333333333334
19,0.57,2.0,0.004
19,0.76,2.0,0.002
19,0.95,2.0,0.002
20,0.0,0.0,0.703
20,0.19,0.0,0.675
20,0.38,0.0,0.656
20,0.57,0.0,0.537
20,0.76,0.0,0.21
20,0.95,0.0,0.011
20,0.0,0.3,0.665
20,0.19,0.3,0.6006666666666667
20,0.38,0.3,0.482
20,0.57,0.3,0.285
20,0.76,0.3,0.044000000000000004
20,0.95,0.3,0.007666666666666666
20,0.0,0.4214,0.6583333333333333
20,0.19,0.4214,0.6036666666666667
20,0.38,0.4214,0.48266666666666663
20,0.57,0.4214,0.2826666666666667
20,0.76,0.4214,0.043666666666666666
20,0.95,0.4214,0.007
20,0.0,0.5429,0.6590000000000001
20,0.19,0.5429,0.5976666666666667
20,0.38,0.5429,0.47433333333333333
20,0.57,0.5429,0.2776666666666667
20,0.76,0.5429,0.04133333333333333
20,0.95,0.5429,0.007
20,0.0,0.6643,0.655
20,0.19,0.6643,0.598
20,0.38,0.6643,0.466
20,0.57,0.6643,0.26333333333333336
20,0.76,0.6643,0.04033333333333333
20,0.95,0.6643,0.007
20,0.0,0.7857,0.6550000000000001
20,0.19,0.7857,0.593
20,0.38,0.7857,0.467
20,0.57,0.7857,0.26033333333333336
20,0.76,0.7857,0.03733333333333333
20,0.95,0.7857,0.007333333333333333
20,0.0,0.9071,0.6493333333333333
20,0.19,0.9071,0.5916666666666667
20,0.38,0.9071,0.4503333333333333
20,0.57,0.9071,0.25366666666666665
20,0.76,0.9071,0.031
20,0.95,0.9071,0.006000000000000001
20,0.0,1.0286,0.646
20,0.19,1.0286,0.5846666666666667
20,0.38,1.0286,0.43733333333333335
20,0.57,1.0286,0.242
20,0.76,1.0286,0.030333333333333334
20,0.95,1.0286,0.006666666666666667
20,0.0,1.15,0.6403333333333333
20,0.19,1.15,0.5743333333333333
20,0.38,1.15,0.429
20,0.57,1.15,0.22866666666666668
20,0.76,1.15,0.025000000000000005
20,0.95,1.15,0.006333333333333334
20,0.0,1.2714,0.634
20,0.19,1.2714,0.5646666666666665
20,0.38,1.2714,0.416
20,0.57,1.2714,0.21833333333333335
20,0.76,1.2714,0.021333333333333333
20,0.95,1.2714,0.005333333333333333
20,0.0,1.3929,0.6266666666666666
20,0.19,1.3929,0.5486666666666667
20,0.38,1.3929,0.39233333333333337
20,0.57,1.3929,0.19866666666666669
20,0.76,1.3929,0.021
20,0.95,1.3929,0.005666666666666667
20,0.0,1.5143,0.62
20,0.19,1.5143,0.5353333333333333
20,0.38,1.5143,0.37766666666666665
20,0.57,1.5143,0.18400000000000002
20,0.76,1.5143,0.017333333333333336
20,0.95,1.5143,0.005666666666666667
20,0.0,1.6357,0.6113333333333333
20,0.19,1.6357,0.5236666666666667
20,0.38,1.6357,0.3593333333333333
20,0.57,1.6357,0.17333333333333334
20,0.76,1.6357,0.015
20,0.95,1.6357,0.0033333333333333335
20,0.0,1.7571,0.603
20,0.19,1.7571,0.5103333333333334
20,0.38,1.7571,0.333
20,0.57,1.7571,0.15733333333333333
20,0.76,1.7571,0.013
20,0.95,1.7571,0.0030000000000000005
20,0.0,1.8786,0.59
20,0.19,1.8786,0.4843333333333333
20,0.38,1.8786,0.323
20,0.57,1.8786,0.14433333333333334
20,0.76,1.8786,0.012666666666666666
20,0.95,1.8786,0.0026666666666666666
20,0.0,2.0,0.574
20,0.19,2.0,0.47433333333333333
20,0.38,2.0,0.3033333333333333
20,0.57,2.0,0.12733333333333333
20,0.76,2.0,0.011000000000000001
20,0.95,2.0,0.0030000000000000005
21,0.0,0.0,0.703
21,0.19,0.0,0.681
21,0.38,0.0,0.621
21,0.57,0.0,0.48
21,0.76,0.0,0.163
21,0.95,0.0,0.009
21,0.0,0.3,0.327
21,0.19,0.3,0.24733333333333332
21,0.38,0.3,0.14833333333333332
21,0.57,0.3,0.038
21,0.76,0.3,0.007
21,0.95,0.3,0.0030000000000000005
21,0.0,0.4214,0.3053333333333333
21,0.19,0.4214,0.226
21,0.38,0.4214,0.13933333333333334
21,0.57,0.4214,0.030333333333333334
21,0.76,0.4214,0.006333333333333334
21,0.95,0.4214,0.0033333333333333335
21,0.0,0.5429,0.262
21,0.19,0.5429,0.19533333333333336
21,0.38,0.5429,0.11733333333333333
21,0.57,0.5429,0.024999999999999998
21,0.76,0.5429,0.005666666666666667
21,0.95,0.5429,0.004
21,0.0,0.6643,0.215
21,0.19,0.6643,0.16733333333333333
21,0.38,0.6643,0.09633333333333334
21,0.57,0.6643,0.016333333333333335
21,0.76,0.6643,0.005333333333333333
21,0.95,0.6643,0.004
21,0.0,0.7857,0.17266666666666666
21,0.19,0.7857,0.13566666666666669
21,0.38,0.7857,0.07666666666666666
21,0.57,0.7857,0.011000000000000001
21,0.76,0.7857,0.0033333333333333335
21,0.95,0.7857,0.002
21,0.0,0.9071,0.13233333333333333
21,0.19,0.9071,0.10033333333333333
21,0.38,0.9071,0.06
21,0.57,0.9071,0.009333333333333334
21,0.76,0.9071,0.0030000000000000005
21,0.95,0.9071,0.002
21,0.0,1.0286,0.09700000000000002
21,0.19,1.0286,0.07966666666666666
21,0.38,1.0286,0.043333333333333335
21,0.57,1.0286,0.007333333333333333
21,0.76,1.0286,0.0030000000000000005
21,0.95,1.0286,0.0023333333333333335
21,0.0,1.15,0.06833333333333334
21,0.19,1.15,0.05833333333333333
21,0.38,1.15,0.027666666666666662
21,0.57,1.15,0.005333333333333333
21,0.76,1.15,0.0033333333333333335
21,0.95,1.15,0.0023333333333333335
21,0.0,1.2714,0.04733333333333334
21,0.19,1.2714,0.03566666666666667
21,0.38,1.2714,0.01933333333333333
21,0.57,1.2714,0.004666666666666667
21,0.76,1.2714,0.002
21,0.95,1.2714,0.002
21,0.0,1.3929,0.030666666666666665
21,0.19,1.3929,0.025666666666666667
21,0.38,1.3929,0.017
21,0.57,1.3929,0.0033333333333333335
21,0.76,1.3929,0.002
21,0.95,1.3929,0.002
21,0.0,1.5143,0.022333333333333334
21,0.19,1.5143,0.017666666666666667
21,0.38,1.5143,0.011666666666666667
21,0.57,1.5143,0.0033333333333333335
21,0.76,1.5143,0.002
21,0.95,1.5143,0.002
21,0.0,1.6357,0.017
21,0.19,1.6357,0.013
21,0.38,1.6357,0.008333333333333333
21,0.57,1.6357,0.0030000000000000005
21,0.76,1.6357,0.0016666666666666668
21,0.95,1.6357,0.002
21,0.0,1.7571,0.012333333333333335
21,0.19,1.7571,0.011666666666666665
21,0.38,1.7571,0.006666666666666665
21,0.57,1.7571,0.0033333333333333335
21,0.76,1.7571,0.0023333333333333335
21,0.95,1.7571,0.0013333333333333333
21,0.0,1.8786,0.008666666666666668
21,0.19,1.8786,0.008
21,0.38,1.8786,0.006666666666666667
21,0.57,1.8786,0.0023333333333333335
21,0.76,1.8786,0.0023333333333333335
21,0.95,1.8786,0.0016666666666666668
21,0.0,2.0,0.005333333333333333
21,0.19,2.0,0.007333333333333333
21,0.38,2.0,0.004333333333333334
21,0.57,2.0,0.0023333333333333335
21,0.76,2.0,0.0016666666666666668
21,0.95,2.0,0.001
22,0.0,0.0,0.703
22,0.19,0.0,0.681
22,0.38,0.0,0.621
22,0.57,0.0,0.48
22,0.76,0.0,0.163
22,0.95,0.0,0.009
22,0.0,0.3,0.6886666666666666
22,0.19,0.3,0.6443333333333334
22,0.38,0.3,0.5676666666666667
22,0.57,0.3,0.36166666666666664
22,0.76,0.3,0.07766666666666666
22,0.95,0.3,0.005
22,0.0,0.4214,0.6859999999999999
22,0.19,0.4214,0.6426666666666667
22,0.38,0.4214,0.5619999999999999
22,0.57,0.4214,0.35633333333333334
22,0.76,0.4214,0.076
22,0.95,0.4214,0.005
22,0.0,0.5429,0.6873333333333335
22,0.19,0.5429,0.6463333333333333
22,0.38,0.5429,0.5609999999999999
22,0.57,0.5429,0.35433333333333333
22,0.76,0.5429,0.073
22,0.95,0.5429,0.005333333333333333
22,0.0,0.6643,0.6856666666666668
22,0.19,0.6643,0.6423333333333333
22,0.38,0.6643,0.5619999999999999
22,0.57,0.6643,0.3506666666666667
22,0.76,0.6643,0.076
22,0.95,0.6643,0.005333333333333333
22,0.0,0.7857,0.684
22,0.19,0.7857,0.6403333333333333
22,0.38,0.7857,0.5553333333333333
22,0.57,0.7857,0.3406666666666667
22,0.76,0.7857,0.069
22,0.95,0.7857,0.005333333333333333
22,0.0,0.9071,0.6833333333333335
22,0.19,0.9071,0.6406666666666667
22,0.38,0.9071,0.551
22,0.57,0.9071,0.3316666666666667
22,0.76,0.9071,0.065
22,0.95,0.9071,0.005333333333333333
22,0.0,1.0286,0.68
22,0.19,1.0286,0.6343333333333333
22,0.38,1.0286,0.5386666666666667
22,0.57,1.0286,0.329
22,0.76,1.0286,0.062
22,0.95,1.0286,0.004
22,0.0,1.15,0.6803333333333335
22,0.19,1.15,0.6396666666666667
22,0.38,1.15,0.539
22,0.57,1.15,0.31666666666666665
22,0.76,1.15,0.05933333333333333
22,0.95,1.15,0.005
22,0.0,1.2714,0.6786666666666666
22,0.19,1.2714,0.6316666666666667
22,0.38,1.2714,0.5303333333333334
22,0.57,1.2714,0.304
22,0.76,1.2714,0.051666666666666666
22,0.95,1.2714,0.005
22,0.0,1.3929,0.6813333333333335
22,0.19,1.3929,0.6256666666666667
22,0.38,1.3929,0.5276666666666667
22,0.57,1.3929,0.294
22,0.76,1.3929,0.050666666666666665
22,0.95,1.3929,0.004666666666666667
22,0.0,1.5143,0.6683333333333333
22,0.19,1.5143,0.6196666666666667
22,0.38,1.5143,0.5140000000000001
22,0.57,1.5143,0.27666666666666667
22,0.76,1.5143,0.044333333333333336
22,0.95,1.5143,0.004333333333333334
22,0.0,1.6357,0.6626666666666666
22,0.19,1.6357,0.6166666666666666
22,0.38,1.6357,0.4883333333333333
22,0.57,1.6357,0.25166666666666665
22,0.76,1.6357,0.043666666666666666
22,0.95,1.6357,0.004666666666666667
22,0.0,1.7571,0.6603333333333333
22,0.19,1.7571,0.6113333333333334
22,0.38,1.7571,0.492
22,0.57,1.7571,0.24433333333333332
22,0.76,1.7571,0.037000000000000005
22,0.95,1.7571,0.005
22,0.0,1.8786,0.6633333333333334
22,0.19,1.8786,0.6016666666666667
22,0.38,1.8786,0.4763333333333333
22,0.57,1.8786,0.2313333333333333
22,0.76,1.8786,0.03666666666666667
22,0.95,1.8786,0.004666666666666667
22,0.0,2.0,0.6503333333333333
22,0.19,2.0,0.594
22,0.38,2.0,0.46399999999999997
22,0.57,2.0,0.21366666666666667
22,0.76,2.0,0.03366666666666667
22,0.95,2.0,0.004666666666666667
23,0.0,0.0,0.703
23,0.19,0.0,0.687
23,0.38,0.0,0.624
23,0.57,0.0,0.503
23,0.76,0.0,0.273
23,0.95,0.0,0.021
23,0.0,0.3,0.5083333333333333
23,0.19,0.3,0.41533333333333333
23,0.38,0.3,0.27466666666666667
23,0.57,0.3,0.10966666666666668
23,0.76,0.3,0.017333333333333336
23,0.95,0.3,0.0030000000000000005
23,0.0,0.4214,0.49499999999999994
23,0.19,0.4214,0.4056666666666667
23,0.38,0.4214,0.26633333333333337
23,0.57,0.4214,0.10533333333333333
23,0.76,0.4214,0.017666666666666667
23,0.95,0.4214,0.0030000000000000005
23,0.0,0.5429,0.47100000000000003
23,0.19,0.5429,0.38199999999999995
23,0.38,0.5429,0.24633333333333332
23,0.57,0.5429,0.09633333333333334
23,0.76,0.5429,0.017666666666666667
23,0.95,0.5429,0.0030000000000000005
23,0.0,0.6643,0.42566666666666664
23,0.19,0.6643,0.3496666666666666
23,0.38,0.6643,0.21833333333333335
23,0.57,0.6643,0.09000000000000001
23,0.76,0.6643,0.017666666666666667
23,0.95,0.6643,0.0030000000000000005
23,0.0,0.7857,0.38400000000000006
23,0.19,0.7857,0.3056666666666667
23,0.38,0.7857,0.18233333333333332
23,0.57,0.7857,0.06966666666666667
23,0.76,0.7857,0.01833333333333333
23,0.95,0.7857,0.0036666666666666666
23,0.0,0.9071,0.32
23,0.19,0.9071,0.24166666666666667
23,0.38,0.9071,0.145
23,0.57,0.9071,0.05466666666666667
23,0.76,0.9071,0.017333333333333336
23,0.95,0.9071,0.0036666666666666666
23,0.0,1.0286,0.24833333333333332
23,0.19,1.0286,0.19200000000000003
23,0.38,1.0286,0.11866666666666666
23,0.57,1.0286,0.03933333333333333
23,0.76,1.0286,0.015666666666666666
23,0.95,1.0286,0.0036666666666666666
23,0.0,1.15,0.19133333333333336
23,0.19,1.15,0.1426666666666667
23,0.38,1.15,0.09500000000000001
23,0.57,1.15,0.02666666666666667
23,0.76,1.15,0.01
23,0.95,1.15,0.0036666666666666666
23,0.0,1.2714,0.13833333333333334
23,0.19,1.2714,0.11233333333333334
23,0.38,1.2714,0.07866666666666666
23,0.57,1.2714,0.022000000000000002
23,0.76,1.2714,0.009000000000000001
23,0.95,1.2714,0.0036666666666666666
23,0.0,1.3929,0.10166666666666667
23,0.19,1.3929,0.084
23,0.38,1.3929,0.050666666666666665
23,0.57,1.3929,0.015666666666666666
23,0.76,1.3929,0.009666666666666667
23,0.95,1.3929,0.0026666666666666666
23,0.0,1.5143,0.076
23,0.19,1.5143,0.06666666666666667
23,0.38,1.5143,0.042666666666666665
23,0.57,1.5143,0.013999999999999999
23,0.76,1.5143,0.007666666666666666
23,0.95,1.5143,0.0023333333333333335
23,0.0,1.6357,0.057333333333333326
23,0.19,1.6357,0.050333333333333334
23,0.38,1.6357,0.028999999999999998
23,0.57,1.6357,0.011666666666666667
23,0.76,1.6357,0.007
23,0.95,1.6357,0.0026666666666666666
23,0.0,1.7571,0.043666666666666666
23,0.19,1.7571,0.035
23,0.38,1.7571,0.024666666666666667
23,0.57,1.7571,0.010666666666666666
23,0.76,1.7571,0.007
23,0.95,1.7571,0.0023333333333333335
23,0.0,1.8786,0.028666666666666663
23,0.19,1.8786,0.023666666666666666
23,0.38,1.8786,0.01933333333333333
23,0.57,1.8786,0.01
23,0.76,1.8786,0.006000000000000001
23,0.95,1.8786,0.0030000000000000005
23,0.0,2.0,0.013666666666666667
23,0.19,2.0,0.012333333333333335
23,0.38,2.0,0.014333333333333335
23,0.57,2.0,0.009
23,0.76,2.0,0.005666666666666667
23,0.95,2.0,0.0026666666666666666
24,0.0,0.0,0.703
24,0.19,0.0,0.687
24,0.38,0.0,0.624
24,0.57,0.0,0.503
24,0.76,0.0,0.273
24,0.95,0.0,0.021
24,0.0,0.3,0.702
24,0.19,0.3,0.6706666666666666
24,0.38,0.3,0.597
24,0.57,0.3,0.41733333333333333
24,0.76,0.3,0.164
24,0.95,0.3,0.006666666666666667
24,0.0,0.4214,0.7003333333333334
24,0.19,0.4214,0.6716666666666667
24,0.38,0.4214,0.5990000000000001
24,0.57,0.4214,0.411
24,0.76,0.4214,0.15833333333333333
24,0.95,0.4214,0.006333333333333334
24,0.0,0.5429,0.703
24,0.19,0.5429,0.6663333333333333
24,0.38,0.5429,0.5853333333333334
24,0.57,0.5429,0.3986666666666667
24,0.76,0.5429,0.14833333333333332
24,0.95,0.5429,0.006666666666666667
24,0.0,0.6643,0.7026666666666666
24,0.19,0.6643,0.6646666666666666
24,0.38,0.6643,0.5830000000000001
24,0.57,0.6643,0.39200000000000007
24,0.76,0.6643,0.133
24,0.95,0.6643,0.006333333333333334
24,0.0,0.7857,0.705
24,0.19,0.7857,0.6586666666666666
24,0.38,0.7857,0.5763333333333333
24,0.57,0.7857,0.38066666666666665
24,0.76,0.7857,0.12
24,0.95,0.7857,0.007
24,0.0,0.9071,0.6996666666666668
24,0.19,0.9071,0.653
24,0.38,0.9071,0.5633333333333334
24,0.57,0.9071,0.369
24,0.76,0.9071,0.11133333333333334
24,0.95,0.9071,0.006000000000000001
24,0.0,1.0286,0.6943333333333332
24,0.19,1.0286,0.6506666666666666
24,0.38,1.0286,0.5523333333333333
24,0.57,1.0286,0.357
24,0.76,1.0286,0.09800000000000002
24,0.95,1.0286,0.006666666666666667
24,0.0,1.15,0.695
24,0.19,1.15,0.642
24,0.38,1.15,0.539
24,0.57,1.15,0.3423333333333334
24,0.76,1.15,0.09200000000000001
24,0.95,1.15,0.005666666666666667
24,0.0,1.2714,0.6856666666666666
24,0.19,1.2714,0.6366666666666667
24,0.38,1.2714,0.5216666666666667
24,0.57,1.2714,0.3196666666666667
24,0.76,1.2714,0.082
24,0.95,1.2714,0.006000000000000001
24,0.0,1.3929,0.6853333333333333
24,0.19,1.3929,0.6246666666666667
24,0.38,1.3929,0.511
24,0.57,1.3929,0.29666666666666663
24,0.76,1.3929,0.07
24,0.95,1.3929,0.005333333333333333
24,0.0,1.5143,0.6763333333333333
24,0.19,1.5143,0.6103333333333333
24,0.38,1.5143,0.48533333333333334
24,0.57,1.5143,0.26466666666666666
24,0.76,1.5143,0.06066666666666667
24,0.95,1.5143,0.005666666666666667
24,0.0,1.6357,0.669
24,0.19,1.6357,0.598
24,0.38,1.6357,0.467
24,0.57,1.6357,0.24366666666666667
24,0.76,1.6357,0.052
24,0.95,1.6357,0.005
24,0.0,1.7571,0.6633333333333334
24,0.19,1.7571,0.583
24,0.38,1.7571,0.4443333333333333
24,0.57,1.7571,0.21933333333333335
24,0.76,1.7571,0.04633333333333334
24,0.95,1.7571,0.005333333333333333
24,0.0,1.8786,0.6596666666666667
24,0.19,1.8786,0.56
24,0.38,1.8786,0.422
24,0.57,1.8786,0.19533333333333336
24,0.76,1.8786,0.03766666666666667
24,0.95,1.8786,0.005333333333333333
24,0.0,2.0,0.634
24,0.19,2.0,0.5459999999999999
24,0.38,2.0,0.393
24,0.57,2.0,0.17
24,0.76,2.0,0.03133333333333333
24,0.95,2.0,0.005
25,0.0,0.0,0.703
25,0.19,0.0,0.659
25,0.38,0.0,0.595
25,0.57,0.0,0.478
25,0.76,0.0,0.288
25,0.95,0.0,0.015
25,0.0,0.3,0.5556666666666668
25,0.19,0.3,0.4686666666666666
25,0.38,0.3,0.329
25,0.57,0.3,0.17666666666666667
25,0.76,0.3,0.04633333333333334
25,0.95,0.3,0.0033333333333333335
25,0.0,0.4214,0.4956666666666667
25,0.19,0.4214,0.419
25,0.38,0.4214,0.28833333333333333
25,0.57,0.4214,0.15233333333333332
25,0.76,0.4214,0.042
25,0.95,0.4214,0.0030000000000000005
25,0.0,0.5429,0.42733333333333334
25,0.19,0.5429,0.345
25,0.38,0.5429,0.22
25,0.57,0.5429,0.11766666666666666
25,0.76,0.5429,0.035666666666666666
25,0.95,0.5429,0.0030000000000000005
25,0.0,0.6643,0.3253333333333333
25,0.19,0.6643,0.25466666666666665
25,0.38,0.6643,0.16233333333333333
25,0.57,0.6643,0.084
25,0.76,0.6643,0.030666666666666665
25,0.95,0.6643,0.002
25,0.0,0.7857,0.20933333333333334
25,0.19,0.7857,0.1743333333333333
25,0.38,0.7857,0.10566666666666667
25,0.57,0.7857,0.06066666666666667
25,0.76,0.7857,0.02266666666666667
25,0.95,0.7857,0.0013333333333333333
25,0.0,0.9071,0.11666666666666665
25,0.19,0.9071,0.105
25,0.38,0.9071,0.066
25,0.57,0.9071,0.039
25,0.76,0.9071,0.019
25,0.95,0.9071,0.0013333333333333333
25,0.0,1.0286,0.07233333333333335
25,0.19,1.0286,0.05666666666666667
25,0.38,1.0286,0.043000000000000003
25,0.57,1.0286,0.028
25,0.76,1.0286,0.013333333333333334
25,0.95,1.0286,0.0016666666666666668
25,0.0,1.15,0.036000000000000004
25,0.19,1.15,0.03266666666666667
25,0.38,1.15,0.027333333333333334
25,0.57,1.15,0.017333333333333336
25,0.76,1.15,0.012333333333333333
25,0.95,1.15,0.0023333333333333335
25,0.0,1.2714,0.018666666666666668
25,0.19,1.2714,0.015
25,0.38,1.2714,0.017666666666666667
25,0.57,1.2714,0.014666666666666666
25,0.76,1.2714,0.008333333333333333
25,0.95,1.2714,0.0026666666666666666
25,0.0,1.3929,0.009333333333333332
25,0.19,1.3929,0.008666666666666666
25,0.38,1.3929,0.011333333333333334
25,0.57,1.3929,0.013666666666666667
25,0.76,1.3929,0.008666666666666668
25,0.95,1.3929,0.0026666666666666666
25,0.0,1.5143,0.005999999999999999
25,0.19,1.5143,0.005666666666666667
25,0.38,1.5143,0.01
25,0.57,1.5143,0.011333333333333334
25,0.76,1.5143,0.008
25,0.95,1.5143,0.0023333333333333335
25,0.0,1.6357,0.0030000000000000005
25,0.19,1.6357,0.0033333333333333335
25,0.38,1.6357,0.007666666666666666
25,0.57,1.6357,0.006333333333333334
25,0.76,1.6357,0.007333333333333333
25,0.95,1.6357,0.0033333333333333335
25,0.0,1.7571,0.001
25,0.19,1.7571,0.0023333333333333335
25,0.38,1.7571,0.005333333333333333
25,0.57,1.7571,0.005333333333333333
25,0.76,1.7571,0.006333333333333334
25,0.95,1.7571,0.0033333333333333335
25,0.0,1.8786,0.0006666666666666666
25,0.19,1.8786,0.0016666666666666668
25,0.38,1.8786,0.004
25,0.57,1.8786,0.004333333333333334
25,0.76,1.8786,0.006000000000000001
25,0.95,1.8786,0.0023333333333333335
25,0.0,2.0,0.0006666666666666666
25,0.19,2.0,0.001
25,0.38,2.0,0.0033333333333333335
25,0.57,2.0,0.0033333333333333335
25,0.76,2.0,0.006666666666666667
25,0.95,2.0,0.0013333333333333333
26,0.0,0.0,0.703
26,0.19,0.0,0.659
26,0.38,0.0,0.595
26,0.57,0.0,0.478
26,0.76,0.0,0.288
26,0.95,0.0,0.015
26,0.0,0.3,0.6813333333333335
26,0.19,0.3,0.6226666666666666
26,0.38,0.3,0.49433333333333335
26,0.57,0.3,0.35333333333333333
26,0.76,0.3,0.16333333333333333
26,0.95,0.3,0.014
26,0.0,0.4214,0.6486666666666667
26,0.19,0.4214,0.575
26,0.38,0.4214,0.446
26,0.57,0.4214,0.30233333333333334
26,0.76,0.4214,0.13333333333333333
26,0.95,0.4214,0.012666666666666668
26,0.0,0.5429,0.5986666666666666
26,0.19,0.5429,0.519
26,0.38,0.5429,0.38633333333333336
26,0.57,0.5429,0.244
26,0.76,0.5429,0.104
26,0.95,0.5429,0.009666666666666665
26,0.0,0.6643,0.5273333333333334
26,0.19,0.6643,0.4386666666666667
26,0.38,0.6643,0.313
26,0.57,0.6643,0.19733333333333336
26,0.76,0.6643,0.08733333333333333
26,0.95,0.6643,0.008
26,0.0,0.7857,0.42
26,0.19,0.7857,0.359
26,0.38,0.7857,0.254
26,0.57,0.7857,0.16333333333333333
26,0.76,0.7857,0.07033333333333334
26,0.95,0.7857,0.007666666666666666
26,0.0,0.9071,0.31466666666666665
26,0.19,0.9071,0.27999999999999997
26,0.38,0.9071,0.19866666666666669
26,0.57,0.9071,0.132
26,0.76,0.9071,0.058
26,0.95,0.9071,0.006666666666666667
26,0.0,1.0286,0.23199999999999998
26,0.19,1.0286,0.20033333333333334
26,0.38,1.0286,0.151
26,0.57,1.0286,0.109
26,0.76,1.0286,0.043666666666666666
26,0.95,1.0286,0.005333333333333333
26,0.0,1.15,0.159
26,0.19,1.15,0.1386666666666667
26,0.38,1.15,0.11766666666666666
26,0.57,1.15,0.084
26,0.76,1.15,0.03566666666666667
26,0.95,1.15,0.004666666666666667
26,0.0,1.2714,0.11033333333333334
26,0.19,1.2714,0.09733333333333334
26,0.38,1.2714,0.08833333333333333
26,0.57,1.2714,0.065
26,0.76,1.2714,0.027333333333333334
26,0.95,1.2714,0.004333333333333334
26,0.0,1.3929,0.072
26,0.19,1.3929,0.07166666666666667
26,0.38,1.3929,0.06366666666666666
26,0.57,1.3929,0.049666666666666665
26,0.76,1.3929,0.022333333333333334
26,0.95,1.3929,0.0030000000000000005
26,0.0,1.5143,0.051333333333333335
26,0.19,1.5143,0.054
26,0.38,1.5143,0.04466666666666667
26,0.57,1.5143,0.03366666666666667
26,0.76,1.5143,0.019
26,0.95,1.5143,0.0016666666666666668
26,0.0,1.6357,0.03
26,0.19,1.6357,0.036666666666666674
26,0.38,1.6357,0.03233333333333333
26,0.57,1.6357,0.028666666666666663
26,0.76,1.6357,0.018000000000000002
26,0.95,1.6357,0.0013333333333333333
26,0.0,1.7571,0.021
26,0.19,1.7571,0.028333333333333335
26,0.38,1.7571,0.02466666666666667
26,0.57,1.7571,0.02033333333333333
26,0.76,1.7571,0.016666666666666666
26,0.95,1.7571,0.001
26,0.0,1.8786,0.013666666666666667
26,0.19,1.8786,0.02033333333333333
26,0.38,1.8786,0.018666666666666665
26,0.57,1.8786,0.017333333333333333
26,0.76,1.8786,0.01333333333333333
26,0.95,1.8786,0.001
26,0.0,2.0,0.007666666666666666
26,0.19,2.0,0.012666666666666666
26,0.38,2.0,0.014666666666666666
26,0.57,2.0,0.012000000000000002
26,0.76,2.0,0.010666666666666666
26,0.95,2.0,0.001
27,0.0,0.0,0.703
27,0.19,0.0,0.659
27,0.38,0.0,0.595
27,0.57,0.0,0.478
27,0.76,0.0,0.288
27,0.95,0.0,0.015
27,0.0,0.3,0.7043333333333334
27,0.19,0.3,0.6603333333333333
27,0.38,0.3,0.5843333333333333
27,0.57,0.3,0.4486666666666667
27,0.76,0.3,0.22233333333333336
27,0.95,0.3,0.008666666666666668
27,0.0,0.4214,0.7036666666666666
27,0.19,0.4214,0.663
27,0.38,0.4214,0.5833333333333334
27,0.57,0.4214,0.4446666666666667
27,0.76,0.4214,0.22033333333333335
27,0.95,0.4214,0.010333333333333332
27,0.0,0.5429,0.7083333333333334
27,0.19,0.5429,0.657
27,0.38,0.5429,0.5753333333333333
27,0.57,0.5429,0.4323333333333333
27,0.76,0.5429,0.21133333333333335
27,0.95,0.5429,0.008333333333333333
27,0.0,0.6643,0.6993333333333333
27,0.19,0.6643,0.6496666666666667
27,0.38,0.6643,0.5696666666666667
27,0.57,0.6643,0.42533333333333334
27,0.76,0.6643,0.19733333333333336
27,0.95,0.6643,0.009000000000000001
27,0.0,0.7857,0.701
27,0.19,0.7857,0.645
27,0.38,0.7857,0.5666666666666667
27,0.57,0.7857,0.4183333333333333
27,0.76,0.7857,0.19366666666666665
27,0.95,0.7857,0.007
27,0.0,0.9071,0.6960000000000001
27,0.19,0.9071,0.6473333333333334
27,0.38,0.9071,0.5553333333333333
27,0.57,0.9071,0.403
27,0.76,0.9071,0.18266666666666667
27,0.95,0.9071,0.009666666666666665
27,0.0,1.0286,0.6923333333333334
27,0.19,1.0286,0.6386666666666667
27,0.38,1.0286,0.5496666666666667
27,0.57,1.0286,0.39599999999999996
27,0.76,1.0286,0.16933333333333334
27,0.95,1.0286,0.009333333333333332
27,0.0,1.15,0.684
27,0.19,1.15,0.6403333333333333
27,0.38,1.15,0.551
27,0.57,1.15,0.39166666666666666
27,0.76,1.15,0.16533333333333333
27,0.95,1.15,0.008
27,0.0,1.2714,0.6749999999999999
27,0.19,1.2714,0.633
27,0.38,1.2714,0.5326666666666666
27,0.57,1.2714,0.36966666666666664
27,0.76,1.2714,0.15333333333333332
27,0.95,1.2714,0.009000000000000001
27,0.0,1.3929,0.6750000000000002
27,0.19,1.3929,0.6273333333333334
27,0.38,1.3929,0.5203333333333334
27,0.57,1.3929,0.35766666666666663
27,0.76,1.3929,0.14300000000000002
27,0.95,1.3929,0.010333333333333333
27,0.0,1.5143,0.6693333333333333
27,0.19,1.5143,0.6206666666666666
27,0.38,1.5143,0.513
27,0.57,1.5143,0.3423333333333334
27,0.76,1.5143,0.132
27,0.95,1.5143,0.008666666666666668
27,0.0,1.6357,0.6663333333333333
27,0.19,1.6357,0.6116666666666667
27,0.38,1.6357,0.49866666666666665
27,0.57,1.6357,0.326
27,0.76,1.6357,0.123
27,0.95,1.6357,0.009333333333333332
27,0.0,1.7571,0.6606666666666667
27,0.19,1.7571,0.5966666666666667
27,0.38,1.7571,0.48466666666666663
27,0.57,1.7571,0.311
27,0.76,1.7571,0.11
27,0.95,1.7571,0.008666666666666668
27,0.0,1.8786,0.6469999999999999
27,0.19,1.8786,0.5933333333333333
27,0.38,1.8786,0.46799999999999997
27,0.57,1.8786,0.28700000000000003
27,0.76,1.8786,0.10533333333333333
27,0.95,1.8786,0.009666666666666665
27,0.0,2.0,0.6393333333333334
27,0.19,2.0,0.5736666666666667
27,0.38,2.0,0.4626666666666667
27,0.57,2.0,0.2846666666666666
27,0.76,2.0,0.09566666666666668
27,0.95,2.0,0.008666666666666668
28,0.0,0.0,0.703
28,0.19,0.0,0.665
28,0.38,0.0,0.596
28,0.57,0.0,0.455
28,0.76,0.0,0.217
28,0.95,0.0,0.02
28,0.0,0.3,0.6113333333333334
28,0.19,0.3,0.5066666666666667
28,0.38,0.3,0.39333333333333337
28,0.57,0.3,0.19266666666666668
28,0.76,0.3,0.059666666666666666
28,0.95,0.3,0.005333333333333333
28,0.0,0.4214,0.5953333333333334
28,0.19,0.4214,0.49533333333333335
28,0.38,0.4214,0.38066666666666665
28,0.57,0.4214,0.18433333333333332
28,0.76,0.4214,0.058666666666666666
28,0.95,0.4214,0.006000000000000001
28,0.0,0.5429,0.5776666666666666
28,0.19,0.5429,0.47733333333333333
28,0.38,0.5429,0.367
28,0.57,0.5429,0.16966666666666666
28,0.76,0.5429,0.05333333333333334
28,0.95,0.5429,0.006000000000000001
28,0.0,0.6643,0.5533333333333333
28,0.19,0.6643,0.443
28,0.38,0.6643,0.33866666666666667
28,0.57,0.6643,0.15933333333333333
28,0.76,0.6643,0.05266666666666667
28,0.95,0.6643,0.005333333333333333
28,0.0,0.7857,0.5196666666666667
28,0.19,0.7857,0.412
28,0.38,0.7857,0.3153333333333333
28,0.57,0.7857,0.14500000000000002
28,0.76,0.7857,0.04766666666666667
28,0.95,0.7857,0.005333333333333333
28,0.0,0.9071,0.4683333333333333
28,0.19,0.9071,0.375
28,0.38,0.9071,0.28099999999999997
28,0.57,0.9071,0.124
28,0.76,0.9071,0.041666666666666664
28,0.95,0.9071,0.005666666666666667
28,0.0,1.0286,0.4066666666666667
28,0.19,1.0286,0.32233333333333336
28,0.38,1.0286,0.25433333333333336
28,0.57,1.0286,0.10966666666666668
28,0.76,1.0286,0.037
28,0.95,1.0286,0.005
28,0.0,1.15,0.35333333333333333
28,0.19,1.15,0.2816666666666667
28,0.38,1.15,0.2316666666666667
28,0.57,1.15,0.09600000000000002
28,0.76,1.15,0.034333333333333334
28,0.95,1.15,0.005333333333333333
28,0.0,1.2714,0.288
28,0.19,1.2714,0.24033333333333332
28,0.38,1.2714,0.19166666666666665
28,0.57,1.2714,0.082
28,0.76,1.2714,0.025666666666666667
28,0.95,1.2714,0.005
28,0.0,1.3929,0.229
28,0.19,1.3929,0.18533333333333335
28,0.38,1.3929,0.159
28,0.57,1.3929,0.07333333333333333
28,0.76,1.3929,0.025000000000000005
28,0.95,1.3929,0.005666666666666667
28,0.0,1.5143,0.16133333333333333
28,0.19,1.5143,0.159
28,0.38,1.5143,0.13366666666666668
28,0.57,1.5143,0.06
28,0.76,1.5143,0.02033333333333333
28,0.95,1.5143,0.005666666666666667
28,0.0,1.6357,0.12033333333333333
28,0.19,1.6357,0.12366666666666666
28,0.38,1.6357,0.115
28,0.57,1.6357,0.04700000000000001
28,0.76,1.6357,0.018000000000000002
28,0.95,1.6357,0.005333333333333333
28,0.0,1.7571,0.09066666666666667
28,0.19,1.7571,0.09566666666666668
28,0.38,1.7571,0.09433333333333334
28,0.57,1.7571,0.042333333333333334
28,0.76,1.7571,0.015333333333333332
28,0.95,1.7571,0.007333333333333333
28,0.0,1.8786,0.066
28,0.19,1.8786,0.07500000000000001
28,0.38,1.8786,0.085
28,0.57,1.8786,0.03666666666666667
28,0.76,1.8786,0.011333333333333334
28,0.95,1.8786,0.006000000000000001
28,0.0,2.0,0.04966666666666667
28,0.19,2.0,0.05466666666666667
28,0.38,2.0,0.06366666666666666
28,0.57,2.0,0.028999999999999998
28,0.76,2.0,0.009000000000000001
28,0.95,2.0,0.007333333333333333
29,0.0,0.0,0.703
29,0.19,0.0,0.665
29,0.38,0.0,0.596
29,0.57,0.0,0.455
29,0.76,0.0,0.217
29,0.95,0.0,0.02
29,0.0,0.3,0.7023333333333333
29,0.19,0.3,0.6566666666666667
29,0.38,0.3,0.5693333333333332
29,0.57,0.3,0.41133333333333333
29,0.76,0.3,0.19533333333333336
29,0.95,0.3,0.013999999999999999
29,0.0,0.4214,0.707
29,0.19,0.4214,0.6596666666666667
29,0.38,0.4214,0.564
29,0.57,0.4214,0.408
29,0.76,0.4214,0.19166666666666665
29,0.95,0.4214,0.013
29,0.0,0.5429,0.703
29,0.19,0.5429,0.6523333333333333
29,0.38,0.5429,0.5616666666666666
29,0.57,0.5429,0.40099999999999997
29,0.76,0.5429,0.18666666666666668
29,0.95,0.5429,0.014333333333333332
29,0.0,0.6643,0.7026666666666667
29,0.19,0.6643,0.6543333333333333
29,0.38,0.6643,0.555
29,0.57,0.6643,0.39399999999999996
29,0.76,0.6643,0.17800000000000002
29,0.95,0.6643,0.014666666666666666
29,0.0,0.7857,0.7040000000000001
29,0.19,0.7857,0.6463333333333333
29,0.38,0.7857,0.5559999999999999
29,0.57,0.7857,0.38933333333333336
29,0.76,0.7857,0.17466666666666666
29,0.95,0.7857,0.014333333333333332
29,0.0,0.9071,0.697
29,0.19,0.9071,0.651
29,0.38,0.9071,0.5493333333333333
29,0.57,0.9071,0.37833333333333335
29,0.76,0.9071,0.16833333333333333
29,0.95,0.9071,0.012333333333333333
29,0.0,1.0286,0.6960000000000001
29,0.19,1.0286,0.637
29,0.38,1.0286,0.54
29,0.57,1.0286,0.363
29,0.76,1.0286,0.158
29,0.95,1.0286,0.014666666666666666
29,0.0,1.15,0.698
29,0.19,1.15,0.6386666666666666
29,0.38,1.15,0.5323333333333334
29,0.57,1.15,0.35666666666666663
29,0.76,1.15,0.15666666666666665
29,0.95,1.15,0.013
29,0.0,1.2714,0.6893333333333334
29,0.19,1.2714,0.6243333333333333
29,0.38,1.2714,0.5263333333333334
29,0.57,1.2714,0.3453333333333333
29,0.76,1.2714,0.139
29,0.95,1.2714,0.011333333333333334
29,0.0,1.3929,0.6876666666666665
29,0.19,1.3929,0.622
29,0.38,1.3929,0.515
29,0.57,1.3929,0.33233333333333337
29,0.76,1.3929,0.137
29,0.95,1.3929,0.012333333333333335
29,0.0,1.5143,0.6913333333333332
29,0.19,1.5143,0.6153333333333334
29,0.38,1.5143,0.5053333333333333
29,0.57,1.5143,0.31666666666666665
29,0.76,1.5143,0.125
29,0.95,1.5143,0.012666666666666666
29,0.0,1.6357,0.686
29,0.19,1.6357,0.6146666666666667
29,0.38,1.6357,0.4923333333333333
29,0.57,1.6357,0.30666666666666664
29,0.76,1.6357,0.11699999999999999
29,0.95,1.6357,0.011666666666666665
29,0.0,1.7571,0.6826666666666666
29,0.19,1.7571,0.6006666666666667
29,0.38,1.7571,0.492
29,0.57,1.7571,0.289
29,0.76,1.7571,0.109
29,0.95,1.7571,0.012666666666666666
29,0.0,1.8786,0.665
29,0.19,1.8786,0.5976666666666667
29,0.38,1.8786,0.47933333333333333
29,0.57,1.8786,0.266
29,0.76,1.8786,0.10233333333333333
29,0.95,1.8786,0.010333333333333333
29,0.0,2.0,0.6603333333333334
29,0.19,2.0,0.582
29,0.38,2.0,0.4663333333333333
29,0.57,2.0,0.271
29,0.76,2.0,0.09233333333333334
29,0.95,2.0,0.01
30,0.0,0.0,0.703
30,0.19,0.0,0.656
30,0.38,0.0,0.612
30,0.57,0.0,0.476
30,0.76,0.0,0.255
30,0.95,0.0,0.035
30,0.0,0.3,0.644
30,0.19,0.3,0.5823333333333333
30,0.38,0.3,0.48166666666666663
30,0.57,0.3,0.3516666666666666
30,0.76,0.3,0.147
30,0.95,0.3,0.007
30,0.0,0.4214,0.632
30,0.19,0.4214,0.564
30,0.38,0.4214,0.4653333333333333
30,0.57,0.4214,0.335
30,0.76,0.4214,0.13333333333333333
30,0.95,0.4214,0.007333333333333333
30,0.0,0.5429,0.6113333333333334
30,0.19,0.5429,0.5426666666666667
30,0.38,0.5429,0.43366666666666664
30,0.57,0.5429,0.316
30,0.76,0.5429,0.12133333333333333
30,0.95,0.5429,0.008666666666666668
30,0.0,0.6643,0.5876666666666667
30,0.19,0.6643,0.49933333333333335
30,0.38,0.6643,0.39200000000000007
30,0.57,0.6643,0.27566666666666667
30,0.76,0.6643,0.09966666666666668
30,0.95,0.6643,0.008
30,0.0,0.7857,0.5473333333333333
30,0.19,0.7857,0.453
30,0.38,0.7857,0.34833333333333333
30,0.57,0.7857,0.24833333333333332
30,0.76,0.7857,0.079
30,0.95,0.7857,0.008333333333333333
30,0.0,0.9071,0.478
30,0.19,0.9071,0.39166666666666666
30,0.38,0.9071,0.3073333333333333
30,0.57,0.9071,0.21533333333333335
30,0.76,0.9071,0.06566666666666666
30,0.95,0.9071,0.008666666666666668
30,0.0,1.0286,0.41566666666666663
30,0.19,1.0286,0.328
30,0.38,1.0286,0.254
30,0.57,1.0286,0.17866666666666667
30,0.76,1.0286,0.04933333333333334
30,0.95,1.0286,0.007666666666666666
30,0.0,1.15,0.3443333333333333
30,0.19,1.15,0.26866666666666666
30,0.38,1.15,0.214
30,0.57,1.15,0.15333333333333332
30,0.76,1.15,0.043666666666666666
30,0.95,1.15,0.008
30,0.0,1.2714,0.259
30,0.19,1.2714,0.20633333333333334
30,0.38,1.2714,0.16633333333333333
30,0.57,1.2714,0.11866666666666666
30,0.76,1.2714,0.037
30,0.95,1.2714,0.009
30,0.0,1.3929,0.19299999999999998
30,0.19,1.3929,0.15733333333333333
30,0.38,1.3929,0.13133333333333333
30,0.57,1.3929,0.10166666666666668
30,0.76,1.3929,0.02866666666666667
30,0.95,1.3929,0.007
30,0.0,1.5143,0.1386666666666667
30,0.19,1.5143,0.10666666666666667
30,0.38,1.5143,0.10766666666666667
30,0.57,1.5143,0.07933333333333333
30,0.76,1.5143,0.02266666666666667
30,0.95,1.5143,0.006333333333333333
30,0.0,1.6357,0.10133333333333333
30,0.19,1.6357,0.07466666666666666
30,0.38,1.6357,0.08600000000000001
30,0.57,1.6357,0.06666666666666667
30,0.76,1.6357,0.018666666666666665
30,0.95,1.6357,0.006999999999999999
30,0.0,1.7571,0.065
30,0.19,1.7571,0.051
30,0.38,1.7571,0.06033333333333333
30,0.57,1.7571,0.056
30,0.76,1.7571,0.016
30,0.95,1.7571,0.006000000000000001
30,0.0,1.8786,0.04900000000000001
30,0.19,1.8786,0.03566666666666667
30,0.38,1.8786,0.03966666666666666
30,0.57,1.8786,0.04033333333333333
30,0.76,1.8786,0.014333333333333332
30,0.95,1.8786,0.006000000000000001
30,0.0,2.0,0.03
30,0.19,2.0,0.022333333333333334
30,0.38,2.0,0.03133333333333333
30,0.57,2.0,0.033
30,0.76,2.0,0.011999999999999999
30,0.95,2.0,0.005
31,0.0,0.0,0.703
31,0.19,0.0,0.656
31,0.38,0.0,0.612
31,0.57,0.0,0.476
31,0.76,0.0,0.255
31,0.95,0.0,0.035
31,0.0,0.3,0.7066666666666667
31,0.19,0.3,0.6606666666666667
31,0.38,0.3,0.616
31,0.57,0.3,0.484
31,0.76,0.3,0.26166666666666666
31,0.95,0.3,0.02666666666666667
31,0.0,0.4214,0.7033333333333333
31,0.19,0.4214,0.6590000000000001
31,0.38,0.4214,0.6146666666666666
31,0.57,0.4214,0.4796666666666667
31,0.76,0.4214,0.25733333333333336
31,0.95,0.4214,0.02366666666666667
31,0.0,0.5429,0.7036666666666666
31,0.19,0.5429,0.6566666666666667
31,0.38,0.5429,0.6113333333333334
31,0.57,0.5429,0.478
31,0.76,0.5429,0.25366666666666665
31,0.95,0.5429,0.027
31,0.0,0.6643,0.702
31,0.19,0.6643,0.6566666666666666
31,0.38,0.6643,0.6093333333333333
31,0.57,0.6643,0.48
31,0.76,0.6643,0.25433333333333336
31,0.95,0.6643,0.025000000000000005
31,0.0,0.7857,0.6986666666666667
31,0.19,0.7857,0.6523333333333334
31,0.38,0.7857,0.6086666666666667
31,0.57,0.7857,0.4709999999999999
31,0.76,0.7857,0.25166666666666665
31,0.95,0.7857,0.025333333333333336
31,0.0,0.9071,0.7046666666666667
31,0.19,0.9071,0.6486666666666666
31,0.38,0.9071,0.6036666666666667
31,0.57,0.9071,0.474
31,0.76,0.9071,0.248
31,0.95,0.9071,0.026000000000000006
31,0.0,1.0286,0.6966666666666667
31,0.19,1.0286,0.6483333333333334
31,0.38,1.0286,0.6016666666666667
31,0.57,1.0286,0.46799999999999997
31,0.76,1.0286,0.24533333333333332
31,0.95,1.0286,0.02766666666666667
31,0.0,1.15,0.6986666666666667
31,0.19,1.15,0.6513333333333334
31,0.38,1.15,0.6053333333333333
31,0.57,1.15,0.45933333333333337
31,0.76,1.15,0.24066666666666667
31,0.95,1.15,0.025333333333333336
31,0.0,1.2714,0.6936666666666667
31,0.19,1.2714,0.6436666666666667
31,0.38,1.2714,0.5966666666666667
31,0.57,1.2714,0.4633333333333334
31,0.76,1.2714,0.23399999999999999
31,0.95,1.2714,0.02733333333333333
31,0.0,1.3929,0.7023333333333333
31,0.19,1.3929,0.6386666666666666
31,0.38,1.3929,0.5923333333333334
31,0.57,1.3929,0.4566666666666667
31,0.76,1.3929,0.23266666666666666
31,0.95,1.3929,0.022333333333333334
31,0.0,1.5143,0.6999999999999998
31,0.19,1.5143,0.6446666666666667
31,0.38,1.5143,0.589
31,0.57,1.5143,0.44733333333333336
31,0.76,1.5143,0.22366666666666668
31,0.95,1.5143,0.021333333333333333
31,0.0,1.6357,0.7003333333333334
31,0.19,1.6357,0.639
31,0.38,1.6357,0.584
31,0.57,1.6357,0.442
31,0.76,1.6357,0.219
31,0.95,1.6357,0.021333333333333333
31,0.0,1.7571,0.6876666666666665
31,0.19,1.7571,0.6366666666666667
31,0.38,1.7571,0.582
31,0.57,1.7571,0.42733333333333334
31,0.76,1.7571,0.20166666666666666
31,0.95,1.7571,0.017333333333333336
31,0.0,1.8786,0.6843333333333333
31,0.19,1.8786,0.6293333333333334
31,0.38,1.8786,0.5683333333333332
31,0.57,1.8786,0.42333333333333334
31,0.76,1.8786,0.19733333333333336
31,0.95,1.8786,0.013999999999999999
31,0.0,2.0,0.6826666666666666
31,0.19,2.0,0.6256666666666666
31,0.38,2.0,0.5673333333333334
31,0.57,2.0,0.4116666666666666
31,0.76,2.0,0.19266666666666668
31,0.95,2.0,0.016999999999999998
32,0.0,0.0,0.703
32,0.19,0.0,0.657
32,0.38,0.0,0.607
32,0.57,0.0,0.48
32,0.76,0.0,0.283
32,0.95,0.0,0.031
32,0.0,0.3,0.695
32,0.19,0.3,0.6393333333333333
32,0.38,0.3,0.5493333333333333
32,0.57,0.3,0.4003333333333334
32,0.76,0.3,0.164
32,0.95,0.3,0.012000000000000002
32,0.0,0.4214,0.6963333333333334
32,0.19,0.4214,0.6383333333333333
32,0.38,0.4214,0.545
32,0.57,0.4214,0.3946666666666667
32,0.76,0.4214,0.161
32,0.95,0.4214,0.011333333333333332
32,0.0,0.5429,0.6953333333333332
32,0.19,0.5429,0.6333333333333333
32,0.38,0.5429,0.5343333333333334
32,0.57,0.5429,0.38466666666666666
32,0.76,0.5429,0.15933333333333333
32,0.95,0.5429,0.011666666666666667
32,0.0,0.6643,0.6880000000000001
32,0.19,0.6643,0.6233333333333334
32,0.38,0.6643,0.5246666666666666
32,0.57,0.6643,0.3593333333333333
32,0.76,0.6643,0.144
32,0.95,0.6643,0.008
32,0.0,0.7857,0.6716666666666667
32,0.19,0.7857,0.6123333333333333
32,0.38,0.7857,0.5063333333333334
32,0.57,0.7857,0.3406666666666667
32,0.76,0.7857,0.13166666666666668
32,0.95,0.7857,0.008666666666666668
32,0.0,0.9071,0.6576666666666667
32,0.19,0.9071,0.6023333333333333
32,0.38,0.9071,0.47866666666666663
32,0.57,0.9071,0.31433333333333335
32,0.76,0.9071,0.11866666666666666
32,0.95,0.9071,0.008
32,0.0,1.0286,0.6363333333333333
32,0.19,1.0286,0.588
32,0.38,1.0286,0.445
32,0.57,1.0286,0.2823333333333334
32,0.76,1.0286,0.105
32,0.95,1.0286,0.007666666666666666
32,0.0,1.15,0.6163333333333333
32,0.19,1.15,0.5693333333333332
32,0.38,1.15,0.42133333333333334
32,0.57,1.15,0.24866666666666667
32,0.76,1.15,0.08033333333333333
32,0.95,1.15,0.005
32,0.0,1.2714,0.5836666666666667
32,0.19,1.2714,0.5323333333333333
32,0.38,1.2714,0.38766666666666666
32,0.57,1.2714,0.21366666666666667
32,0.76,1.2714,0.065
32,0.95,1.2714,0.006000000000000001
32,0.0,1.3929,0.5416666666666667
32,0.19,1.3929,0.5003333333333333
32,0.38,1.3929,0.336
32,0.57,1.3929,0.18966666666666665
32,0.76,1.3929,0.05433333333333334
32,0.95,1.3929,0.007333333333333333
32,0.0,1.5143,0.498
32,0.19,1.5143,0.45333333333333337
32,0.38,1.5143,0.298
32,0.57,1.5143,0.159
32,0.76,1.5143,0.044000000000000004
32,0.95,1.5143,0.005
32,0.0,1.6357,0.44366666666666665
32,0.19,1.6357,0.3960000000000001
32,0.38,1.6357,0.262
32,0.57,1.6357,0.12933333333333333
32,0.76,1.6357,0.035
32,0.95,1.6357,0.006333333333333333
32,0.0,1.7571,0.37966666666666665
32,0.19,1.7571,0.35200000000000004
32,0.38,1.7571,0.22333333333333336
32,0.57,1.7571,0.11599999999999999
32,0.76,1.7571,0.026
32,0.95,1.7571,0.004666666666666666
32,0.0,1.8786,0.3156666666666667
32,0.19,1.8786,0.30466666666666664
32,0.38,1.8786,0.19366666666666665
32,0.57,1.8786,0.09100000000000001
32,0.76,1.8786,0.02033333333333333
32,0.95,1.8786,0.006000000000000001
32,0.0,2.0,0.243
32,0.19,2.0,0.25033333333333335
32,0.38,2.0,0.16333333333333333
32,0.57,2.0,0.081
32,0.76,2.0,0.014333333333333332
32,0.95,2.0,0.005666666666666667
33,0.0,0.0,0.703
33,0.19,0.0,0.657
33,0.38,0.0,0.607
33,0.57,0.0,0.48
33,0.76,0.0,0.283
33,0.95,0.0,0.031
33,0.0,0.3,0.7063333333333333
33,0.19,0.3,0.6573333333333333
33,0.38,0.3,0.6053333333333333
33,0.57,0.3,0.4736666666666666
33,0.76,0.3,0.26533333333333337
33,0.95,0.3,0.02766666666666667
33,0.0,0.4214,0.7066666666666667
33,0.19,0.4214,0.6566666666666667
33,0.38,0.4214,0.596
33,0.57,0.4214,0.47000000000000003
33,0.76,0.4214,0.257
33,0.95,0.4214,0.026
33,0.0,0.5429,0.7046666666666667
33,0.19,0.5429,0.6583333333333333
33,0.38,0.5429,0.6003333333333333
33,0.57,0.5429,0.459
33,0.76,0.5429,0.25
33,0.95,0.5429,0.025000000000000005
33,0.0,0.6643,0.7016666666666665
33,0.19,0.6643,0.6566666666666666
33,0.38,0.6643,0.591
33,0.57,0.6643,0.45166666666666666
33,0.76,0.6643,0.235
33,0.95,0.6643,0.020666666666666667
33,0.0,0.7857,0.6996666666666665
33,0.19,0.7857,0.6550000000000001
33,0.38,0.7857,0.589
33,0.57,0.7857,0.439
33,0.76,0.7857,0.221
33,0.95,0.7857,0.022333333333333334
33,0.0,0.9071,0.7013333333333334
33,0.19,0.9071,0.649
33,0.38,0.9071,0.5746666666666665
33,0.57,0.9071,0.424
33,0.76,0.9071,0.20033333333333334
33,0.95,0.9071,0.021
33,0.0,1.0286,0.7023333333333333
33,0.19,1.0286,0.6536666666666666
33,0.38,1.0286,0.5673333333333334
33,0.57,1.0286,0.4083333333333334
33,0.76,1.0286,0.19233333333333333
33,0.95,1.0286,0.01966666666666667
33,0.0,1.15,0.6966666666666667
33,0.19,1.15,0.6416666666666667
33,0.38,1.15,0.557
33,0.57,1.15,0.38166666666666665
33,0.76,1.15,0.17466666666666666
33,0.95,1.15,0.017666666666666667
33,0.0,1.2714,0.6943333333333332
33,0.19,1.2714,0.6336666666666667
33,0.38,1.2714,0.5376666666666666
33,0.57,1.2714,0.3593333333333333
33,0.76,1.2714,0.162
33,0.95,1.2714,0.016
33,0.0,1.3929,0.6923333333333334
33,0.19,1.3929,0.6203333333333333
33,0.38,1.3929,0.5266666666666667
33,0.57,1.3929,0.337
33,0.76,1.3929,0.143
33,0.95,1.3929,0.014333333333333335
33,0.0,1.5143,0.6859999999999999
33,0.19,1.5143,0.6116666666666667
33,0.38,1.5143,0.5046666666666667
33,0.57,1.5143,0.31666666666666665
33,0.76,1.5143,0.12733333333333333
33,0.95,1.5143,0.012666666666666666
33,0.0,1.6357,0.6693333333333333
33,0.19,1.6357,0.6056666666666666
33,0.38,1.6357,0.48233333333333334
33,0.57,1.6357,0.30066666666666664
33,0.76,1.6357,0.10966666666666668
33,0.95,1.6357,0.012333333333333335
33,0.0,1.7571,0.6716666666666667
33,0.19,1.7571,0.578
33,0.38,1.7571,0.4623333333333333
33,0.57,1.7571,0.27066666666666667
33,0.76,1.7571,0.08966666666666667
33,0.95,1.7571,0.012000000000000002
33,0.0,1.8786,0.6496666666666667
33,0.19,1.8786,0.5643333333333334
33,0.38,1.8786,0.43166666666666664
33,0.57,1.8786,0.23399999999999999
33,0.76,1.8786,0.08066666666666666
33,0.95,1.8786,0.011999999999999999
33,0.0,2.0,0.637
33,0.19,2.0,0.5380000000000001
33,0.38,2.0,0.38966666666666666
33,0.57,2.0,0.21333333333333335
33,0.76,2.0,0.06366666666666666
33,0.95,2.0,0.009
34,0.0,0.0,0.703
34,0.19,0.0,0.669
34,0.38,0.0,0.624
34,0.57,0.0,0.541
34,0.76,0.0,0.328
34,0.95,0.0,0.032
34,0.0,0.3,0.6956666666666665
34,0.19,0.3,0.6566666666666667
34,0.38,0.3,0.5736666666666667
34,0.57,0.3,0.4656666666666667
34,0.76,0.3,0.283
34,0.95,0.3,0.034333333333333334
34,0.0,0.4214,0.6476666666666667
34,0.19,0.4214,0.6013333333333333
34,0.38,0.4214,0.5
34,0.57,0.4214,0.40066666666666667
34,0.76,0.4214,0.236
34,0.95,0.4214,0.025000000000000005
34,0.0,0.5429,0.5293333333333333
34,0.19,0.5429,0.5126666666666667
34,0.38,0.5429,0.4116666666666666
34,0.57,0.5429,0.3116666666666667
34,0.76,0.5429,0.17266666666666666
34,0.95,0.5429,0.018666666666666665
34,0.0,0.6643,0.3356666666666667
34,0.19,0.6643,0.38199999999999995
34,0.38,0.6643,0.30433333333333334
34,0.57,0.6643,0.21966666666666668
34,0.76,0.6643,0.11499999999999999
34,0.95,0.6643,0.017333333333333336
34,0.0,0.7857,0.138
34,0.19,0.7857,0.247
34,0.38,0.7857,0.219
34,0.57,0.7857,0.14233333333333334
34,0.76,0.7857,0.074
34,0.95,0.7857,0.012333333333333335
34,0.0,0.9071,0.043000000000000003
34,0.19,0.9071,0.123
34,0.38,0.9071,0.14400000000000002
34,0.57,0.9071,0.09166666666666667
34,0.76,0.9071,0.043000000000000003
34,0.95,0.9071,0.011000000000000001
34,0.0,1.0286,0.011333333333333334
34,0.19,1.0286,0.056
34,0.38,1.0286,0.10533333333333333
34,0.57,1.0286,0.06166666666666667
34,0.76,1.0286,0.029666666666666664
34,0.95,1.0286,0.009
34,0.0,1.15,0.004666666666666667
34,0.19,1.15,0.028
34,0.38,1.15,0.07566666666666666
34,0.57,1.15,0.043333333333333335
34,0.76,1.15,0.01933333333333333
34,0.95,1.15,0.008666666666666668
34,0.0,1.2714,0.0023333333333333335
34,0.19,1.2714,0.016333333333333335
34,0.38,1.2714,0.055333333333333325
34,0.57,1.2714,0.03833333333333333
34,0.76,1.2714,0.017
34,0.95,1.2714,0.006666666666666667
34,0.0,1.3929,0.0026666666666666666
34,0.19,1.3929,0.011666666666666667
34,0.38,1.3929,0.03833333333333333
34,0.57,1.3929,0.028
34,0.76,1.3929,0.011333333333333334
34,0.95,1.3929,0.006333333333333333
34,0.0,1.5143,0.003666666666666667
34,0.19,1.5143,0.008333333333333333
34,0.38,1.5143,0.027999999999999997
34,0.57,1.5143,0.025333333333333333
34,0.76,1.5143,0.007333333333333333
34,0.95,1.5143,0.005333333333333333
34,0.0,1.6357,0.002
34,0.19,1.6357,0.007666666666666668
34,0.38,1.6357,0.022333333333333334
34,0.57,1.6357,0.021666666666666667
34,0.76,1.6357,0.005666666666666667
34,0.95,1.6357,0.005
34,0.0,1.7571,0.0030000000000000005
34,0.19,1.7571,0.005666666666666667
34,0.38,1.7571,0.018666666666666665
34,0.57,1.7571,0.016333333333333335
34,0.76,1.7571,0.004666666666666667
34,0.95,1.7571,0.0036666666666666666
34,0.0,1.8786,0.0026666666666666666
34,0.19,1.8786,0.005
34,0.38,1.8786,0.015
34,0.57,1.8786,0.018
34,0.76,1.8786,0.004
34,0.95,1.8786,0.0033333333333333335
34,0.0,2.0,0.0013333333333333333
34,0.19,2.0,0.006333333333333333
34,0.38,2.0,0.014333333333333332
34,0.57,2.0,0.015666666666666666
34,0.76,2.0,0.004
34,0.95,2.0,0.0023333333333333335
35,0.0,0.0,0.703
35,0.19,0.0,0.669
35,0.38,0.0,0.624
35,0.57,0.0,0.541
35,0.76,0.0,0.328
35,0.95,0.0,0.032
35,0.0,0.3,0.6596666666666667
35,0.19,0.3,0.6190000000000001
35,0.38,0.3,0.5223333333333334
35,0.57,0.3,0.39733333333333337
35,0.76,0.3,0.20533333333333334
35,0.95,0.3,0.021666666666666667
35,0.0,0.4214,0.586
35,0.19,0.4214,0.5526666666666668
35,0.38,0.4214,0.4586666666666667
35,0.57,0.4214,0.33
35,0.76,0.4214,0.16433333333333333
35,0.95,0.4214,0.019
35,0.0,0.5429,0.488
35,0.19,0.5429,0.4876666666666667
35,0.38,0.5429,0.38466666666666666
35,0.57,0.5429,0.263
35,0.76,0.5429,0.124
35,0.95,0.5429,0.017333333333333336
35,0.0,0.6643,0.36633333333333334
35,0.19,0.6643,0.418
35,0.38,0.6643,0.32
35,0.57,0.6643,0.20533333333333334
35,0.76,0.6643,0.09066666666666667
35,0.95,0.6643,0.013333333333333334
35,0.0,0.7857,0.238
35,0.19,0.7857,0.327
35,0.38,0.7857,0.255
35,0.57,0.7857,0.15933333333333333
35,0.76,0.7857,0.06433333333333334
35,0.95,0.7857,0.010666666666666666
35,0.0,0.9071,0.11633333333333333
35,0.19,0.9071,0.25033333333333335
35,0.38,0.9071,0.20533333333333334
35,0.57,0.9071,0.12366666666666666
35,0.76,0.9071,0.050666666666666665
35,0.95,0.9071,0.009333333333333332
35,0.0,1.0286,0.05100000000000001
35,0.19,1.0286,0.17533333333333334
35,0.38,1.0286,0.17633333333333331
35,0.57,1.0286,0.10633333333333334
35,0.76,1.0286,0.037
35,0.95,1.0286,0.008333333333333333
35,0.0,1.15,0.019
35,0.19,1.15,0.119
35,0.38,1.15,0.146
35,0.57,1.15,0.08466666666666667
35,0.76,1.15,0.03233333333333333
35,0.95,1.15,0.007333333333333333
35,0.0,1.2714,0.009666666666666665
35,0.19,1.2714,0.07633333333333332
35,0.38,1.2714,0.125
35,0.57,1.2714,0.07033333333333334
35,0.76,1.2714,0.024999999999999998
35,0.95,1.2714,0.006666666666666667
35,0.0,1.3929,0.006666666666666667
35,0.19,1.3929,0.052333333333333336
35,0.38,1.3929,0.104
35,0.57,1.3929,0.059666666666666666
35,0.76,1.3929,0.018333333333333337
35,0.95,1.3929,0.006666666666666667
35,0.0,1.5143,0.004333333333333334
35,0.19,1.5143,0.036333333333333336
35,0.38,1.5143,0.09133333333333334
35,0.57,1.5143,0.052
35,0.76,1.5143,0.015666666666666666
35,0.95,1.5143,0.005999999999999999
35,0.0,1.6357,0.0033333333333333335
35,0.19,1.6357,0.02333333333333333
35,0.38,1.6357,0.07633333333333332
35,0.57,1.6357,0.043000000000000003
35,0.76,1.6357,0.010666666666666666
35,0.95,1.6357,0.005666666666666667
35,0.0,1.7571,0.004333333333333334
35,0.19,1.7571,0.016333333333333335
35,0.38,1.7571,0.066
35,0.57,1.7571,0.03833333333333333
35,0.76,1.7571,0.010333333333333333
35,0.95,1.7571,0.005666666666666667
35,0.0,1.8786,0.0036666666666666666
35,0.19,1.8786,0.013333333333333334
35,0.38,1.8786,0.058666666666666666
35,0.57,1.8786,0.028999999999999998
35,0.76,1.8786,0.006333333333333333
35,0.95,1.8786,0.005
35,0.0,2.0,0.0026666666666666666
35,0.19,2.0,0.011333333333333334
35,0.38,2.0,0.04800000000000001
35,0.57,2.0,0.028999999999999998
35,0.76,2.0,0.006333333333333334
35,0.95,2.0,0.005
36,0.0,0.0,0.703
36,0.19,0.0,0.669
36,0.38,0.0,0.624
36,0.57,0.0,0.541
36,0.76,0.0,0.328
36,0.95,0.0,0.032
36,0.0,0.3,0.706
36,0.19,0.3,0.668
36,0.38,0.3,0.6203333333333333
36,0.57,0.3,0.5393333333333333
36,0.76,0.3,0.32866666666666666
36,0.95,0.3,0.03
36,0.0,0.4214,0.703
36,0.19,0.4214,0.6676666666666667
36,0.38,0.4214,0.6193333333333334
36,0.57,0.4214,0.5306666666666667
36,0.76,0.4214,0.3276666666666667
36,0.95,0.4214,0.03133333333333333
36,0.0,0.5429,0.7026666666666667
36,0.19,0.5429,0.6706666666666666
36,0.38,0.5429,0.6186666666666667
36,0.57,0.5429,0.535
36,0.76,0.5429,0.326
36,0.95,0.5429,0.03333333333333333
36,0.0,0.6643,0.6996666666666665
36,0.19,0.6643,0.6646666666666666
36,0.38,0.6643,0.6173333333333333
36,0.57,0.6643,0.5343333333333334
36,0.76,0.6643,0.3253333333333333
36,0.95,0.6643,0.028333333333333332
36,0.0,0.7857,0.6999999999999998
36,0.19,0.7857,0.6653333333333333
36,0.38,0.7857,0.621
36,0.57,0.7857,0.5243333333333333
36,0.76,0.7857,0.31466666666666665
36,0.95,0.7857,0.029333333333333336
36,0.0,0.9071,0.6973333333333332
36,0.19,0.9071,0.6656666666666667
36,0.38,0.9071,0.6073333333333334
36,0.57,0.9071,0.5256666666666666
36,0.76,0.9071,0.3196666666666667
36,0.95,0.9071,0.03
36,0.0,1.0286,0.706
36,0.19,1.0286,0.66
36,0.38,1.0286,0.614
36,0.57,1.0286,0.5156666666666666
36,0.76,1.0286,0.30833333333333335
36,0.95,1.0286,0.03266666666666667
36,0.0,1.15,0.6930000000000001
36,0.19,1.15,0.6613333333333333
36,0.38,1.15,0.6086666666666666
36,0.57,1.15,0.5123333333333333
36,0.76,1.15,0.3156666666666667
36,0.95,1.15,0.030666666666666665
36,0.0,1.2714,0.6880000000000001
36,0.19,1.2714,0.6523333333333333
36,0.38,1.2714,0.602
36,0.57,1.2714,0.5076666666666667
36,0.76,1.2714,0.3053333333333333
36,0.95,1.2714,0.03266666666666667
36,0.0,1.3929,0.6876666666666668
36,0.19,1.3929,0.654
36,0.38,1.3929,0.599
36,0.57,1.3929,0.49533333333333335
36,0.76,1.3929,0.29466666666666663
36,0.95,1.3929,0.031
36,0.0,1.5143,0.6880000000000001
36,0.19,1.5143,0.6483333333333333
36,0.38,1.5143,0.5933333333333333
36,0.57,1.5143,0.4963333333333333
36,0.76,1.5143,0.2956666666666667
36,0.95,1.5143,0.030333333333333334
36,0.0,1.6357,0.6806666666666668
36,0.19,1.6357,0.648
36,0.38,1.6357,0.594
36,0.57,1.6357,0.49266666666666664
36,0.76,1.6357,0.295
36,0.95,1.6357,0.028999999999999998
36,0.0,1.7571,0.6789999999999999
36,0.19,1.7571,0.64
36,0.38,1.7571,0.585
36,0.57,1.7571,0.49133333333333334
36,0.76,1.7571,0.29066666666666663
36,0.95,1.7571,0.025666666666666667
36,0.0,1.8786,0.6803333333333335
36,0.19,1.8786,0.6426666666666666
36,0.38,1.8786,0.576
36,0.57,1.8786,0.47933333333333333
36,0.76,1.8786,0.274
36,0.95,1.8786,0.028999999999999998
36,0.0,2.0,0.6753333333333335
36,0.19,2.0,0.6363333333333333
36,0.38,2.0,0.5723333333333332
36,0.57,2.0,0.46399999999999997
36,0.76,2.0,0.27033333333333337
36,0.95,2.0,0.028999999999999998
